"","...1","gameplayId","nflId","time","team","pff_positionLinedUp","zone","relative_location","stunt","all_front","all_back"
"1",70,"2021090900_97",41263,2021-09-10 00:26:33,"DAL","LEO",13,"(1, 1)",1,"4","3"
"2",85,"2021090900_97",41263,2021-09-10 00:26:33,"DAL","LEO",11,"(2, 1)",1,"1","2"
"3",105,"2021090900_97",41263,2021-09-10 00:26:33,"DAL","LEO",8,"(3, 1)",1,"3","2"
"4",431,"2021090900_282",34777,2021-09-10 00:31:54,"TB","DRT",3,"(1, 1)",1,"3","2"
"5",446,"2021090900_282",34777,2021-09-10 00:31:54,"TB","DRT",3,"(1, 1)",1,"2","3"
"6",661,"2021090900_410",41263,2021-09-10 00:38:25,"DAL","LEO",14,"(1, 1)",1,"3","2"
"7",686,"2021090900_410",41263,2021-09-10 00:38:22,"DAL","LEO",14,"(1, 1)",1,"2","3"
"8",741,"2021090900_434",41263,2021-09-10 00:38:53,"DAL","LOLB",14,"(1, 1)",1,"4","3"
"9",791,"2021090900_434",41263,2021-09-10 00:38:54,"DAL","LOLB",14,"(2, 1)",1,"2","1"
"10",811,"2021090900_434",41263,2021-09-10 00:38:51,"DAL","LOLB",14,"(1, 1)",2,"c(""2"", ""3"")","c(""1"", ""4"")"
"11",988,"2021090900_480",41363,2021-09-10 00:40:04,"DAL","LE",12,"(2, 1)",1,"3","4"
"12",996,"2021090900_480",41363,2021-09-10 00:40:04,"DAL","LE",12,"(1, 1)",1,"2","1"
"13",1172,"2021090900_559",41263,2021-09-10 00:42:08,"DAL","LEO",14,"(2, 1)",1,"1","2"
"14",1366,"2021090900_687",35441,2021-09-10 00:48:34,"TB","DRT",4,"(2, 1)",1,"2","3"
"15",1847,"2021090900_869",41363,2021-09-10 00:57:55,"DAL","DLT",11,"(2, 1)",1,"3","4"
"16",1959,"2021090900_925",41363,2021-09-10 00:59:22,"DAL","DLT",14,"(1, 1)",1,"2","1"
"17",2035,"2021090900_947",41263,2021-09-10 01:00:05,"DAL","LEO",12,"(2, 1)",1,"2","1"
"18",2039,"2021090900_947",41263,2021-09-10 01:00:05,"DAL","LEO",12,"(2, 1)",1,"4","3"
"19",2209,"2021090900_1203",42403,2021-09-10 01:12:00,"DAL","RE",6,"(1, 1)",1,"3","2"
"20",2224,"2021090900_1203",42403,2021-09-10 01:12:01,"DAL","RE",6,"(2, 1)",1,"2","1"
"21",2666,"2021090900_1392",35441,2021-09-10 01:21:19,"TB","LE",14,"(3, 1)",1,"3","3"
"22",2909,"2021090900_1563",35441,2021-09-10 01:28:37,"TB","LE",13,"(2, 3)",1,"4","3"
"23",2939,"2021090900_1563",35441,2021-09-10 01:28:38,"TB","LE",14,"(1, 3)",1,"1","2"
"24",2994,"2021090900_1563",35441,2021-09-10 01:28:39,"TB","LE",14,"(1, 3)",1,"2","3"
"25",3091,"2021090900_1587",35441,2021-09-10 01:29:19,"TB","DLT",10,"(3, 1)",1,"3","2"
"26",3139,"2021090900_1587",35441,2021-09-10 01:29:20,"TB","DLT",11,"(3, 1)",1,"2","1"
"27",3157,"2021090900_1587",35441,2021-09-10 01:29:20,"TB","DLT",11,"(2, 1)",1,"3","2"
"28",3263,"2021090900_1687",40074,2021-09-10 01:34:45,"TB","DRT",1,"(3, 1)",1,"4","5"
"29",3421,"2021090900_1726",35441,2021-09-10 01:36:24,"TB","REO",4,"(5, 1)",1,"2","1"
"30",3476,"2021090900_1776",35441,2021-09-10 01:37:45,"TB","DRT",3,"(5, 1)",1,"4","4"
"31",3546,"2021090900_1776",35441,2021-09-10 01:37:46,"TB","DRT",4,"(5, 1)",1,"6","7"
"32",3553,"2021090900_1776",35441,2021-09-10 01:37:46,"TB","DRT",4,"(5, 1)",1,"2","1"
"33",3675,"2021090900_1918",34777,2021-09-10 01:43:32,"TB","LE",14,"(2, 3)",1,"2","3"
"34",3695,"2021090900_1918",34777,2021-09-10 01:43:32,"TB","LE",14,"(2, 3)",1,"3","4"
"35",3755,"2021090900_1940",35441,2021-09-10 01:44:14,"TB","DRT",2,"(4, 1)",1,"4","3"
"36",3775,"2021090900_1940",35441,2021-09-10 01:44:14,"TB","DRT",1,"(4, 1)",1,"3","2"
"37",3875,"2021090900_2008",41263,2021-09-10 01:47:19,"DAL","LEO",14,"(3, 1)",1,"4","3"
"38",3983,"2021090900_2032",41263,2021-09-10 01:47:42,"DAL","LEO",14,"(3, 1)",1,"3","4"
"39",4175,"2021090900_2129",35441,2021-09-10 01:54:06,"TB","LE",14,"(1, 1)",1,"1","2"
"40",4355,"2021090900_2211",35441,2021-09-10 01:56:54,"TB","LEO",10,"(3, 1)",1,"2","3"
"41",4455,"2021090900_2233",35441,2021-09-10 01:57:36,"TB","LE",9,"(3, 1)",1,"2","3"
"42",4551,"2021090900_2257",35441,2021-09-10 01:58:03,"TB","LE",14,"(1, 1)",1,"1","2"
"43",4663,"2021090900_2279",35441,2021-09-10 01:58:50,"TB","LEO",14,"(2, 1)",1,"2","2"
"44",5355,"2021090900_2632",35441,2021-09-10 02:25:56,"TB","LEO",13,"(3, 1)",1,"2","3"
"45",5380,"2021090900_2632",35441,2021-09-10 02:25:56,"TB","LEO",10,"(3, 1)",1,"2","1"
"46",5390,"2021090900_2632",35441,2021-09-10 02:25:56,"TB","LEO",9,"(4, 1)",1,"3","4"
"47",5460,"2021090900_2656",34777,2021-09-10 02:26:25,"TB","DLT",14,"(2, 1)",1,"2","3"
"48",5490,"2021090900_2656",34777,2021-09-10 02:26:26,"TB","DLT",14,"(2, 1)",1,"3","4"
"49",5500,"2021090900_2656",34777,2021-09-10 02:26:26,"TB","DLT",14,"(3, 1)",1,"3","2"
"50",5510,"2021090900_2656",34777,2021-09-10 02:26:26,"TB","DLT",14,"(4, 1)",1,"2","4"
"51",5600,"2021090900_2678",34777,2021-09-10 02:27:06,"TB","DRT",4,"(4, 1)",1,"2","1"
"52",5620,"2021090900_2678",34777,2021-09-10 02:27:07,"TB","DRT",3,"(5, 1)",1,"4","5"
"53",5735,"2021090900_2735",34777,2021-09-10 02:28:41,"TB","LE",14,"(1, 3)",1,"4","5"
"54",5810,"2021090900_2780",34777,2021-09-10 02:29:49,"TB","DRT",1,"(5, 1)",1,"1","2"
"55",5935,"2021090900_2871",41363,2021-09-10 02:35:06,"DAL","DRT",8,"(3, 1)",1,"2","3"
"56",6041,"2021090900_2893",41363,2021-09-10 02:35:45,"DAL","DRT",1,"(2, 1)",1,"4","3"
"57",6171,"2021090900_2915",41263,2021-09-10 02:36:26,"DAL","LOLB",12,"(3, 1)",1,"3","4"
"58",6371,"2021090900_3062",41263,2021-09-10 02:43:13,"DAL","LOLB",14,"(4, 1)",1,"2","1"
"59",6383,"2021090900_3062",41263,2021-09-10 02:43:14,"DAL","LOLB",14,"(3, 1)",1,"3","4"
"60",6631,"2021090900_3134",42403,2021-09-10 02:45:17,"DAL","RE",4,"(3, 1)",1,"5","6"
"61",6769,"2021090900_3261",34777,2021-09-10 02:51:20,"TB","DRT",4,"(3, 1)",1,"3","4"
"62",6804,"2021090900_3261",34777,2021-09-10 02:51:21,"TB","DRT",6,"(3, 1)",1,"4","5"
"63",6834,"2021090900_3261",34777,2021-09-10 02:51:21,"TB","DRT",8,"(4, 1)",1,"4","3"
"64",6907,"2021090900_3306",35441,2021-09-10 02:52:43,"TB","DRT",5,"(3, 1)",1,"3","2"
"65",7025,"2021090900_3330",35441,2021-09-10 02:53:27,"TB","DLT",8,"(1, 1)",1,"2","1"
"66",7045,"2021090900_3330",35441,2021-09-10 02:53:27,"TB","DLT",8,"(1, 1)",1,"3","2"
"67",7155,"2021090900_3364",35441,2021-09-10 02:54:07,"TB","LE",10,"(3, 1)",1,"3","2"
"68",7167,"2021090900_3364",35441,2021-09-10 02:54:08,"TB","LE",10,"(3, 1)",1,"2","1"
"69",7231,"2021090900_3406",35441,2021-09-10 02:55:31,"TB","DLT",9,"(3, 1)",1,"3","2"
"70",7237,"2021090900_3406",35441,2021-09-10 02:55:31,"TB","DLT",9,"(3, 1)",1,"4","5"
"71",7375,"2021090900_3462",41263,2021-09-10 03:00:09,"DAL","LEO",14,"(5, 1)",1,"2","3"
"72",7420,"2021090900_3462",41263,2021-09-10 03:00:08,"DAL","LEO",14,"(5, 1)",1,"3","2"
"73",7571,"2021090900_3633",44892,2021-09-10 03:07:18,"DAL","LEO",14,"(2, 1)",1,"1","2"
"74",7654,"2021090900_3655",41263,2021-09-10 03:07:58,"DAL","NT",6,"(4, 1)",1,"3","4"
"75",7684,"2021090900_3655",41263,2021-09-10 03:07:58,"DAL","NT",5,"(4, 1)",1,"2","1"
"76",7744,"2021090900_3724",34777,2021-09-10 03:12:24,"TB","LE",13,"(4, 1)",1,"4","3"
"77",7799,"2021090900_3724",34777,2021-09-10 03:12:25,"TB","LE",14,"(5, 1)",1,"4","5"
"78",8075,"2021090900_3862",41263,2021-09-10 03:18:38,"DAL","LEO",14,"(1, 1)",1,"3","4"
"79",8199,"2021090900_3909",44955,2021-09-10 03:20:23,"DAL","LE",14,"(2, 1)",1,"4","3"
"80",8367,"2021090900_3962",41263,2021-09-10 03:21:56,"DAL","LEO",14,"(1, 1)",1,"3","4"
"81",8659,"2021090900_4189",35441,2021-09-10 03:28:49,"TB","LE",13,"(4, 1)",1,"4","3"
"82",8839,"2021090900_4246",35441,2021-09-10 03:31:15,"TB","LE",9,"(2, 1)",1,"3","2"
"83",9231,"2021090900_4538",41263,2021-09-10 03:45:00,"DAL","LOLB",14,"(1, 1)",1,"4","3"
"84",9255,"2021090900_4538",41263,2021-09-10 03:45:00,"DAL","LOLB",14,"(2, 1)",1,"2","1"
"85",9309,"2021090900_4560",41263,2021-09-10 03:45:41,"DAL","NLT",10,"(2, 1)",1,"2","3"
"86",9334,"2021090900_4560",41263,2021-09-10 03:45:42,"DAL","NLT",10,"(2, 1)",1,"3","4"
"87",9575,"2021090900_4653",41363,2021-09-10 03:47:46,"DAL","DRT",11,"(3, 1)",1,"3","4"
"88",9763,"2021090900_4699",41263,2021-09-10 03:48:48,"DAL","LEO",12,"(2, 1)",1,"2","1"
"89",9771,"2021090900_4699",41263,2021-09-10 03:48:48,"DAL","LEO",10,"(2, 1)",1,"4","4"
"90",9859,"2021090900_4728",41263,2021-09-10 03:49:33,"DAL","LOLB",14,"(1, 1)",1,"3","4"
"91",9947,"2021090900_4750",41263,2021-09-10 03:50:18,"DAL","LEO",13,"(2, 1)",1,"2","1"
"92",9971,"2021090900_4750",41263,2021-09-10 03:50:18,"DAL","LEO",9,"(2, 1)",1,"3","4"
"93",10075,"2021090900_4772",41263,2021-09-10 03:51:00,"DAL","LEO",12,"(1, 1)",1,"5","6"
"94",10105,"2021090900_4772",41263,2021-09-10 03:51:01,"DAL","LEO",9,"(1, 1)",1,"4","5"
"95",10195,"2021091200_56",35452,2021-09-12 17:06:27,"PHI","LE",3,"(3, 1)",1,"3","2"
"96",10903,"2021091200_303",35452,2021-09-12 17:12:01,"PHI","LEO",14,"(2, 1)",1,"2","1"
"97",10967,"2021091200_348",35452,2021-09-12 17:12:52,"PHI","LE",14,"(1, 1)",1,"2","3"
"98",11192,"2021091200_605",40095,2021-09-12 17:22:55,"ATL","LOLB",14,"(5, 1)",1,"4","3"
"99",11242,"2021091200_605",40095,2021-09-12 17:22:56,"ATL","LOLB",14,"(5, 1)",1,"3","3"
"100",11307,"2021091200_705",37089,2021-09-12 17:28:53,"PHI","LE",9,"0",2,"c(""3"", ""1"")","c(""5"", ""2"")"
"101",11583,"2021091200_821",35452,2021-09-12 17:31:55,"PHI","LEO",14,"0",2,"c(""4"", ""1"")","c(""3"", ""2"")"
"102",11946,"2021091200_864",35452,2021-09-12 17:33:50,"PHI","LEO",11,"(2, 1)",1,"4","5"
"103",12135,"2021091200_1023",35452,2021-09-12 17:38:10,"PHI","LEO",14,"(1, 1)",1,"3","4"
"104",12311,"2021091200_1153",40095,2021-09-12 17:46:37,"ATL","ROLB",1,"(4, 1)",1,"2","1"
"105",12387,"2021091200_1182",40095,2021-09-12 17:47:17,"ATL","ROLB",1,"(4, 3)",1,"4","3"
"106",12566,"2021091200_1249",40095,2021-09-12 17:49:06,"ATL","ROLB",3,"(2, 1)",1,"2","3"
"107",12871,"2021091200_1459",35452,2021-09-12 17:57:06,"PHI","RE",12,"(1, 1)",1,"3","4"
"108",12879,"2021091200_1459",35452,2021-09-12 17:57:06,"PHI","RE",13,"(2, 1)",1,"1","2"
"109",12959,"2021091200_1494",35452,2021-09-12 17:58:17,"PHI","LEO",12,"(3, 1)",1,"3","4"
"110",12979,"2021091200_1494",35452,2021-09-12 17:58:18,"PHI","LEO",1,"(3, 1)",1,"1","2"
"111",13201,"2021091200_1582",42497,2021-09-12 18:03:20,"ATL","DRT",1,"(3, 1)",1,"1","2"
"112",13209,"2021091200_1582",42497,2021-09-12 18:03:20,"ATL","DRT",1,"(4, 1)",1,"4","3"
"113",13485,"2021091200_1732",40095,2021-09-12 18:09:07,"ATL","ROLB",1,"(4, 1)",1,"4","5"
"114",13950,"2021091200_2063",42346,2021-09-12 18:21:52,"ATL","LOLB",14,"(2, 1)",1,"2","1"
"115",14192,"2021091200_2121",42346,2021-09-12 18:23:12,"ATL","LOLB",13,"(2, 1)",1,"1","2"
"116",14299,"2021091200_2145",40039,2021-09-12 18:23:39,"ATL","LLB",14,"(2, 1)",1,"4","3"
"117",14339,"2021091200_2145",40039,2021-09-12 18:23:40,"ATL","LLB",14,"(1, 1)",1,"2","1"
"118",14668,"2021091200_2399",40095,2021-09-12 18:31:24,"ATL","REO",1,"(4, 1)",1,"3","2"
"119",14772,"2021091200_2631",42346,2021-09-12 18:54:09,"ATL","REO",1,"(1, 1)",1,"2","3"
"120",15148,"2021091200_2767",43341,2021-09-12 19:02:45,"ATL","LILB",10,"(3, 1)",1,"4","3"
"121",15176,"2021091200_2767",43341,2021-09-12 19:02:46,"ATL","LILB",6,"(2, 1)",1,"2","3"
"122",15349,"2021091200_2906",42346,2021-09-12 19:06:28,"ATL","REO",2,"(2, 1)",1,"2","1"
"123",15829,"2021091200_3110",35452,2021-09-12 19:13:06,"PHI","LEO",12,"(2, 1)",1,"2","1"
"124",16407,"2021091200_3599",40095,2021-09-12 19:35:27,"ATL","LOLB",8,"(4, 3)",1,"4","3"
"125",16757,"2021091200_3752",37089,2021-09-12 19:41:18,"PHI","LEO",14,"0",1,"1","4"
"126",17005,"2021091200_3776",37089,2021-09-12 19:41:51,"PHI","LOLB",14,"0",2,"c(""2"", ""3"")","c(""4"", ""1"")"
"127",17294,"2021091200_3928",40039,2021-09-12 19:47:30,"ATL","LLB",9,"(3, 1)",1,"2","3"
"128",17334,"2021091200_3928",40039,2021-09-12 19:47:31,"ATL","LLB",4,"(4, 1)",1,"3","4"
"129",17705,"2021091200_4112",35452,2021-09-12 19:54:29,"PHI","LEO",13,"(3, 1)",1,"4","3"
"130",17889,"2021091200_4240",37089,2021-09-12 19:59:55,"PHI","LEO",14,"0",2,"c(""3"", ""2"")","c(""1"", ""4"")"
"131",18041,"2021091200_4274",37089,2021-09-12 20:00:44,"PHI","LOLB",14,"(3, 1)",1,"4","3"
"132",18249,"2021091200_4298",37089,2021-09-12 20:01:08,"PHI","LOLB",8,"(3, 1)",1,"3","4"
"133",18417,"2021091200_4317",37089,2021-09-12 20:01:34,"PHI","LOLB",1,"(3, 1)",1,"4","3"
"134",18561,"2021091200_4346",35452,2021-09-12 20:03:23,"PHI","LEO",14,"(4, 1)",1,"1","2"
"135",18649,"2021091201_63",35449,2021-09-12 17:06:38,"PIT","LE",14,"(4, 1)",1,"3","4"
"136",18733,"2021091201_111",35449,2021-09-12 17:07:45,"PIT","DLT",14,"(4, 1)",1,"3","4"
"137",18879,"2021091201_262",35470,2021-09-12 17:15:01,"BUF","ROLB",1,"(5, 1)",1,"2","3"
"138",19045,"2021091201_406",37104,2021-09-12 17:21:13,"PIT","DRT",6,"(2, 1)",1,"3","4"
"139",19141,"2021091201_430",35449,2021-09-12 17:21:50,"PIT","DLT",1,"(2, 1)",1,"3","2"
"140",19205,"2021091201_454",38548,2021-09-12 17:22:37,"PIT","RILB",5,"(2, 3)",1,"1","2"
"141",19245,"2021091201_454",38548,2021-09-12 17:22:38,"PIT","RILB",1,"(3, 3)",1,"2","3"
"142",19421,"2021091201_500",44842,2021-09-12 17:23:40,"PIT","LOLB",12,"(3, 1)",1,"3","4"
"143",19461,"2021091201_500",44842,2021-09-12 17:23:41,"PIT","LOLB",6,"(2, 1)",1,"2","3"
"144",19545,"2021091201_561",35449,2021-09-12 17:25:17,"PIT","DLT",14,"(4, 1)",1,"4","3"
"145",19804,"2021091201_691",37841,2021-09-12 17:31:14,"BUF","REO",1,"(2, 1)",1,"2","3"
"146",20241,"2021091201_901",35470,2021-09-12 17:43:04,"BUF","LEO",14,"0",1,"2","3"
"147",20345,"2021091201_997",35470,2021-09-12 17:49:55,"BUF","LOLB",14,"(4, 1)",1,"2","3"
"148",20559,"2021091201_1087",37104,2021-09-12 17:52:47,"PIT","NRT",2,"(4, 3)",1,"4","3"
"149",20599,"2021091201_1087",37104,2021-09-12 17:52:48,"PIT","NRT",1,"(4, 3)",1,"2","3"
"150",20675,"2021091201_1148",37104,2021-09-12 17:54:12,"PIT","DRT",4,"(3, 1)",1,"2","1"
"151",20699,"2021091201_1148",37104,2021-09-12 17:54:13,"PIT","DRT",6,"(2, 1)",1,"3","2"
"152",20703,"2021091201_1148",37104,2021-09-12 17:54:10,"PIT","DRT",2,"(3, 1)",1,"3","2"
"153",20983,"2021091201_1300",37841,2021-09-12 18:01:39,"BUF","REO",1,"(2, 1)",1,"1","2"
"154",21267,"2021091201_1393",37104,2021-09-12 18:04:30,"PIT","DRT",8,"(3, 1)",1,"2","1"
"155",21501,"2021091201_1446",35470,2021-09-12 18:08:32,"BUF","REO",1,"(2, 1)",1,"2","1"
"156",21636,"2021091201_1486",35470,2021-09-12 18:10:18,"BUF","LOLB",12,"(3, 1)",1,"4","3"
"157",21640,"2021091201_1486",35470,2021-09-12 18:10:18,"BUF","LOLB",1,"(3, 1)",1,"2","1"
"158",21668,"2021091201_1548",35449,2021-09-12 18:14:32,"PIT","DLT",13,"0",2,"c(""2"", ""3"")","c(""1"", ""4"")"
"159",21892,"2021091201_1572",35449,2021-09-12 18:15:09,"PIT","DLT",2,"(3, 1)",1,"3","2"
"160",22060,"2021091201_1629",35449,2021-09-12 18:16:36,"PIT","LE",8,"(2, 3)",1,"4","3"
"161",22068,"2021091201_1629",35449,2021-09-12 18:16:36,"PIT","LE",6,"(3, 3)",1,"3","2"
"162",22148,"2021091201_1653",37104,2021-09-12 18:17:00,"PIT","DRT",4,"0",1,"1","4"
"163",22324,"2021091201_1710",44842,2021-09-12 18:19:14,"PIT","LEO",14,"(2, 1)",1,"4","5"
"164",22354,"2021091201_1710",44842,2021-09-12 18:19:14,"PIT","LEO",12,"(3, 1)",1,"3","2"
"165",22436,"2021091201_1746",44842,2021-09-12 18:20:18,"PIT","LEO",14,"(1, 1)",1,"2","3"
"166",22676,"2021091201_1870",35449,2021-09-12 18:25:53,"PIT","DLT",14,"(2, 1)",1,"2","2"
"167",22700,"2021091201_1951",35449,2021-09-12 18:28:18,"PIT","DLT",14,"0",1,"3","1"
"168",23148,"2021091201_2302",35470,2021-09-12 18:51:55,"BUF","LEO",10,"(2, 1)",1,"2","1"
"169",23152,"2021091201_2302",35470,2021-09-12 18:51:55,"BUF","LEO",9,"(2, 1)",1,"3","4"
"170",23260,"2021091201_2362",35449,2021-09-12 18:56:11,"PIT","DLT",2,"(2, 1)",1,"2","3"
"171",23371,"2021091201_2392",35449,2021-09-12 18:56:46,"PIT","DLT",7,"(2, 1)",1,"2","3"
"172",23543,"2021091201_2438",35449,2021-09-12 18:58:03,"PIT","DLT",14,"(4, 1)",1,"3","4"
"173",23607,"2021091201_2483",35449,2021-09-12 18:59:10,"PIT","DLT",13,"(4, 1)",1,"3","4"
"174",23763,"2021091201_2547",37104,2021-09-12 19:01:13,"PIT","DRT",5,"(2, 1)",1,"3","4"
"175",23939,"2021091201_2612",35449,2021-09-12 19:03:21,"PIT","NT",10,"(3, 1)",1,"2","3"
"176",24116,"2021091201_2709",37841,2021-09-12 19:08:28,"BUF","ROLB",1,"(6, 1)",1,"4","3"
"177",24134,"2021091201_2709",37841,2021-09-12 19:08:28,"BUF","ROLB",1,"(6, 1)",1,"3","2"
"178",24158,"2021091201_2709",37841,2021-09-12 19:08:29,"BUF","ROLB",1,"(5, 1)",1,"5","6"
"179",24164,"2021091201_2709",37841,2021-09-12 19:08:29,"BUF","ROLB",1,"(5, 1)",1,"2","1"
"180",24644,"2021091201_2912",37104,2021-09-12 19:17:01,"PIT","DRT",8,"(2, 1)",1,"3","4"
"181",24816,"2021091201_2983",35449,2021-09-12 19:18:59,"PIT","DLT",7,"(2, 1)",1,"2","3"
"182",24832,"2021091201_2983",35449,2021-09-12 19:18:59,"PIT","DLT",7,"(1, 1)",1,"1","2"
"183",25020,"2021091201_3049",35449,2021-09-12 19:22:26,"PIT","DLT",10,"0",1,"2","1"
"184",25308,"2021091201_3219",43319,2021-09-12 19:30:12,"BUF","DLT",4,"(3, 1)",1,"2","1"
"185",25668,"2021091201_3584",37104,2021-09-12 19:44:00,"PIT","REO",1,"(4, 1)",1,"2","1"
"186",25700,"2021091201_3584",37104,2021-09-12 19:44:01,"PIT","REO",1,"(4, 1)",1,"2","3"
"187",26023,"2021091201_3709",40166,2021-09-12 19:50:10,"BUF","LLB",14,"(7, 1)",1,"6","7"
"188",26116,"2021091201_3756",43319,2021-09-12 19:51:44,"BUF","DRT",2,"(2, 1)",1,"4","3"
"189",26200,"2021091201_3799",35470,2021-09-12 19:53:09,"BUF","LEO",14,"(3, 1)",1,"4","3"
"190",26212,"2021091201_3799",35470,2021-09-12 19:53:09,"BUF","LEO",13,"(3, 1)",1,"1","2"
"191",26636,"2021091201_4011",35449,2021-09-12 20:00:29,"PIT","DLT",5,"(3, 1)",1,"3","2"
"192",26664,"2021091201_4011",35449,2021-09-12 20:00:29,"PIT","DLT",2,"(3, 1)",1,"2","1"
"193",26848,"2021091201_4074",38548,2021-09-12 20:04:28,"PIT","ROLB",1,"(3, 1)",1,"4","3"
"194",26946,"2021091201_4103",37104,2021-09-12 20:04:50,"PIT","RILB",7,"(4, 1)",2,"c(""3"", ""1"")","c(""4"", ""2"")"
"195",27054,"2021091201_4156",35449,2021-09-12 20:06:04,"PIT","DLT",14,"(1, 1)",1,"2","1"
"196",27146,"2021091201_4180",35449,2021-09-12 20:06:24,"PIT","DLT",14,"0",2,"c(""3"", ""2"")","c(""4"", ""1"")"
"197",27270,"2021091201_4209",35449,2021-09-12 20:07:00,"PIT","LE",14,"(1, 1)",1,"2","1"
"198",27470,"2021091201_4266",37104,2021-09-12 20:08:26,"PIT","DRT",9,"(3, 1)",1,"2","1"
"199",27590,"2021091202_210",41341,2021-09-12 17:10:56,"CAR","RE",1,"(4, 1)",1,"2","1"
"200",27606,"2021091202_210",41341,2021-09-12 17:10:57,"CAR","RE",1,"(4, 1)",1,"3","2"
"201",27962,"2021091202_489",43791,2021-09-12 17:23:48,"CAR","NT",10,"(2, 1)",1,"2","3"
"202",28012,"2021091202_489",43791,2021-09-12 17:23:49,"CAR","NT",12,"(2, 1)",1,"3","4"
"203",28472,"2021091202_688",43301,2021-09-12 17:32:07,"NYJ","DRT",12,"(4, 3)",1,"2","3"
"204",28690,"2021091202_837",43791,2021-09-12 17:39:44,"CAR","RE",7,"(2, 1)",1,"2","3"
"205",28890,"2021091202_957",41243,2021-09-12 17:46:32,"NYJ","LOLB",14,"(5, 1)",1,"2","1"
"206",29104,"2021091202_1113",43301,2021-09-12 17:53:10,"NYJ","DLT",10,"0",1,"2","3"
"207",29332,"2021091202_1241",41341,2021-09-12 18:00:15,"CAR","DLT",14,"(4, 1)",1,"4","3"
"208",29636,"2021091202_1350",46204,2021-09-12 18:04:06,"NYJ","LEO",13,"(1, 1)",1,"4","4"
"209",29644,"2021091202_1350",46204,2021-09-12 18:04:06,"NYJ","LEO",12,"(2, 1)",1,"2","2"
"210",29930,"2021091202_1497",44825,2021-09-12 18:11:10,"CAR","LOLB",1,"(5, 1)",1,"4","3"
"211",29940,"2021091202_1497",44825,2021-09-12 18:11:10,"CAR","LOLB",9,"(4, 1)",1,"4","5"
"212",29945,"2021091202_1497",44825,2021-09-12 18:11:10,"CAR","LOLB",8,"(3, 1)",1,"3","4"
"213",30044,"2021091202_1519",44825,2021-09-12 18:11:58,"CAR","ROLB",6,"(2, 1)",1,"2","1"
"214",30148,"2021091202_1543",46205,2021-09-12 18:12:44,"CAR","ROLB",1,"(1, 1)",1,"3","2"
"215",30156,"2021091202_1596",41341,2021-09-12 18:14:10,"CAR","DLT",9,"0",1,"2","1"
"216",31043,"2021091202_1885",43308,2021-09-12 18:29:35,"NYJ","REO",1,"(3, 3)",1,"4","3"
"217",31306,"2021091202_1967",43301,2021-09-12 18:31:42,"NYJ","LE",14,"(2, 1)",1,"2","3"
"218",31346,"2021091202_1967",43301,2021-09-12 18:31:41,"NYJ","LE",13,"(3, 2)",1,"3","2"
"219",31710,"2021091202_2196",41243,2021-09-12 18:52:29,"NYJ","ROLB",1,"(2, 1)",1,"2","2"
"220",31867,"2021091202_2283",42368,2021-09-12 18:57:24,"CAR","RILB",4,"(4, 1)",1,"5","4"
"221",31885,"2021091202_2283",42368,2021-09-12 18:57:25,"CAR","RILB",6,"(4, 1)",1,"3","2"
"222",32053,"2021091202_2367",41341,2021-09-12 18:59:50,"CAR","LE",7,"(3, 1)",1,"2","3"
"223",32073,"2021091202_2367",41341,2021-09-12 18:59:50,"CAR","LE",4,"(4, 1)",1,"3","4"
"224",32177,"2021091202_2428",43301,2021-09-12 19:04:27,"NYJ","DLT",1,"(3, 1)",1,"2","1"
"225",32277,"2021091202_2457",43301,2021-09-12 19:05:11,"NYJ","LE",14,"(3, 1)",1,"2","1"
"226",32381,"2021091202_2481",43301,2021-09-12 19:05:56,"NYJ","LE",14,"(4, 1)",1,"1","2"
"227",32503,"2021091202_2503",43301,2021-09-12 19:06:43,"NYJ","LE",14,"(6, 1)",1,"5","6"
"228",32617,"2021091202_2543",41341,2021-09-12 19:10:35,"CAR","DLT",14,"(1, 1)",1,"2","1"
"229",32705,"2021091202_2586",43791,2021-09-12 19:12:09,"CAR","LE",14,"(1, 1)",1,"1","2"
"230",32972,"2021091202_2684",41243,2021-09-12 19:15:12,"NYJ","RILB",1,"(2, 1)",1,"2","2"
"231",33427,"2021091202_2949",41341,2021-09-12 19:26:45,"CAR","DRT",9,"(2, 1)",1,"3","2"
"232",33615,"2021091202_3376",41341,2021-09-12 19:49:14,"CAR","NRT",14,"(4, 1)",1,"2","3"
"233",33645,"2021091202_3376",41341,2021-09-12 19:49:15,"CAR","NRT",14,"(4, 1)",1,"2","1"
"234",33670,"2021091202_3398",41341,2021-09-12 19:49:55,"CAR","DLT",1,"(5, 1)",1,"5","4"
"235",33700,"2021091202_3398",41341,2021-09-12 19:49:56,"CAR","DLT",12,"(5, 1)",1,"4","3"
"236",33750,"2021091202_3398",41341,2021-09-12 19:49:57,"CAR","DLT",14,"(5, 1)",1,"2","1"
"237",33877,"2021091202_3420",42368,2021-09-12 19:50:42,"CAR","RILB",8,"(4, 1)",1,"3","4"
"238",34107,"2021091202_3512",43308,2021-09-12 19:56:07,"NYJ","REO",1,"(4, 1)",1,"2","1"
"239",34383,"2021091202_3723",41341,2021-09-12 20:01:54,"CAR","LE",1,"0",2,"c(""3"", ""2"")","c(""4"", ""1"")"
"240",34621,"2021091202_3767",41341,2021-09-12 20:03:29,"CAR","LE",13,"(5, 1)",1,"4","3"
"241",34631,"2021091202_3767",41341,2021-09-12 20:03:29,"CAR","LE",14,"(5, 1)",1,"1","2"
"242",34666,"2021091202_3767",41341,2021-09-12 20:03:30,"CAR","LE",14,"0",1,"3","2"
"243",34928,"2021091202_3820",46205,2021-09-12 20:05:42,"CAR","ROLB",1,"(1, 1)",1,"2","3"
"244",35032,"2021091202_3843",46527,2021-09-12 20:06:27,"CAR","LOLB",14,"(4, 1)",1,"1","2"
"245",36062,"2021091203_601",42431,2021-09-12 17:28:59,"MIN","LEO",14,"(4, 1)",1,"1","2"
"246",36102,"2021091203_601",42431,2021-09-12 17:29:00,"MIN","LEO",14,"(5, 1)",1,"5","4"
"247",36157,"2021091203_601",42431,2021-09-12 17:29:01,"MIN","LEO",14,"(4, 1)",1,"4","5"
"248",36341,"2021091203_672",43641,2021-09-12 17:33:16,"CIN","ROLB",3,"(6, 1)",1,"4","5"
"249",36359,"2021091203_672",43641,2021-09-12 17:33:16,"CIN","ROLB",4,"(6, 1)",1,"2","1"
"250",36709,"2021091203_845",35539,2021-09-12 17:39:00,"MIN","DRT",2,"(2, 1)",1,"4","5"
"251",36824,"2021091203_924",43641,2021-09-12 17:43:56,"CIN","SCBoL",14,"(5, 1)",1,"2","3"
"252",37194,"2021091203_1414",35539,2021-09-12 18:01:16,"MIN","RE",7,"(3, 1)",1,"3","4"
"253",37340,"2021091203_1521",35539,2021-09-12 18:04:00,"MIN","REO",5,"(5, 1)",1,"4","5"
"254",37387,"2021091203_1561",35539,2021-09-12 18:05:20,"MIN","LE",14,"(1, 1)",1,"5","5"
"255",37417,"2021091203_1561",35539,2021-09-12 18:05:21,"MIN","LE",14,"(1, 1)",1,"2","3"
"256",37453,"2021091203_1561",35539,2021-09-12 18:05:21,"MIN","LE",14,"(1, 1)",1,"3","4"
"257",37495,"2021091203_1561",35539,2021-09-12 18:05:22,"MIN","LE",14,"(1, 1)",1,"2","3"
"258",37758,"2021091203_1723",43641,2021-09-12 18:14:51,"CIN","SCBL",14,"(4, 1)",1,"3","2"
"259",37766,"2021091203_1723",43641,2021-09-12 18:14:51,"CIN","SCBL",13,"(3, 1)",1,"3","4"
"260",37778,"2021091203_1723",43641,2021-09-12 18:14:51,"CIN","SCBL",10,"(2, 1)",1,"2","3"
"261",37862,"2021091203_1745",44877,2021-09-12 18:15:23,"CIN","DRT",3,"(1, 1)",1,"2","1"
"262",38050,"2021091203_1809",44877,2021-09-12 18:16:53,"CIN","DRT",5,"(2, 1)",1,"4","3"
"263",38326,"2021091203_1938",35539,2021-09-12 18:22:00,"MIN","DRT",8,"(2, 1)",1,"2","3"
"264",38432,"2021091203_1967",35539,2021-09-12 18:22:43,"MIN","RE",1,"(4, 1)",2,"c(""4"", ""1"")","c(""3"", ""2"")"
"265",38698,"2021091203_2186",44877,2021-09-12 18:32:29,"CIN","RE",3,"(2, 1)",1,"4","3"
"266",39123,"2021091203_2400",42431,2021-09-12 18:51:29,"MIN","LEO",13,"(2, 1)",1,"2","1"
"267",39297,"2021091203_2472",35539,2021-09-12 18:53:41,"MIN","RE",1,"(4, 1)",2,"c(""4"", ""2"")","c(""1"", ""3"")"
"268",39517,"2021091203_2685",43455,2021-09-12 19:03:07,"CIN","NT",8,"(2, 1)",1,"4","3"
"269",39983,"2021091203_2952",44877,2021-09-12 19:13:42,"CIN","NT",8,"(3, 1)",1,"3","3"
"270",40123,"2021091203_2974",44877,2021-09-12 19:14:25,"CIN","DRT",4,"(3, 1)",1,"4","3"
"271",40147,"2021091203_2974",44877,2021-09-12 19:14:25,"CIN","DRT",3,"(3, 1)",1,"2","1"
"272",40153,"2021091203_2974",44877,2021-09-12 19:14:26,"CIN","DRT",3,"(2, 1)",1,"3","2"
"273",40159,"2021091203_2974",44877,2021-09-12 19:14:26,"CIN","DRT",3,"(2, 1)",1,"4","3"
"274",40177,"2021091203_2974",44877,2021-09-12 19:14:26,"CIN","DRT",3,"(1, 1)",1,"1","2"
"275",40187,"2021091203_3239",43455,2021-09-12 19:30:09,"CIN","DRT",5,"0",1,"1","3"
"276",40643,"2021091203_3405",44915,2021-09-12 19:36:17,"CIN","REO",1,"(4, 1)",1,"2","3"
"277",41580,"2021091203_3977",43641,2021-09-12 20:03:14,"CIN","SCBR",1,"(4, 1)",1,"3","2"
"278",41653,"2021091203_4001",43641,2021-09-12 20:03:32,"CIN","ROLB",1,"(5, 1)",1,"4","3"
"279",41683,"2021091203_4001",43641,2021-09-12 20:03:32,"CIN","ROLB",1,"(5, 1)",1,"2","1"
"280",41818,"2021091203_4047",44877,2021-09-12 20:04:30,"CIN","NLT",4,"(4, 1)",1,"4","3"
"281",41833,"2021091203_4047",44877,2021-09-12 20:04:30,"CIN","NLT",4,"(4, 1)",1,"3","2"
"282",41945,"2021091203_4076",43455,2021-09-12 20:05:10,"CIN","DLT",11,"(2, 1)",1,"3","4"
"283",42609,"2021091203_4528",35539,2021-09-12 20:24:04,"MIN","REO",1,"(4, 1)",1,"1","2"
"284",42897,"2021091203_4682",44877,2021-09-12 20:28:43,"CIN","DRT",10,"(3, 1)",1,"2","3"
"285",43133,"2021091204_90",42360,2021-09-12 17:07:25,"SF","DLT",1,"(4, 1)",1,"2","1"
"286",43188,"2021091204_135",42030,2021-09-12 17:08:48,"SF","LOLB",14,"(5, 1)",1,"2","1"
"287",43277,"2021091204_157",41249,2021-09-12 17:09:30,"SF","LEO",14,"(3, 1)",1,"3","4"
"288",43457,"2021091204_328",41249,2021-09-12 17:16:53,"SF","LEO",14,"(4, 1)",1,"1","2"
"289",43709,"2021091204_487",40171,2021-09-12 17:23:37,"DET","DLT",6,"(3, 1)",1,"2","1"
"290",44033,"2021091204_693",42360,2021-09-12 17:31:58,"SF","LEO",14,"(3, 1)",1,"3","4"
"291",44093,"2021091204_712",42360,2021-09-12 17:32:40,"SF","LEO",14,"(4, 1)",1,"3","2"
"292",44129,"2021091204_712",42360,2021-09-12 17:32:41,"SF","LEO",13,"(4, 1)",1,"2","1"
"293",44228,"2021091204_736",41249,2021-09-12 17:33:25,"SF","LEO",13,"(4, 1)",1,"4","5"
"294",44248,"2021091204_736",41249,2021-09-12 17:33:25,"SF","LEO",10,"(4, 1)",1,"2","3"
"295",44525,"2021091204_919",41249,2021-09-12 17:40:36,"SF","LOLB",13,"(2, 1)",1,"2","1"
"296",45269,"2021091204_1488",38544,2021-09-12 18:07:12,"DET","RE",1,"0",1,"3","4"
"297",45697,"2021091204_1670",41249,2021-09-12 18:16:03,"SF","LEO",14,"(1, 1)",1,"3","4"
"298",45817,"2021091204_1775",41249,2021-09-12 18:23:03,"SF","LEO",11,"(2, 1)",1,"2","1"
"299",45869,"2021091204_1811",41249,2021-09-12 18:24:09,"SF","LOLB",14,"(1, 1)",1,"2","3"
"300",47037,"2021091204_2447",41249,2021-09-12 19:00:58,"SF","LOLB",13,"(2, 1)",1,"4","3"
"301",47047,"2021091204_2447",41249,2021-09-12 19:00:58,"SF","LOLB",13,"(1, 1)",1,"1","2"
"302",47101,"2021091204_2596",40000,2021-09-12 19:08:13,"DET","RILB",6,"(2, 1)",1,"3","2"
"303",47149,"2021091204_2596",40000,2021-09-12 19:08:14,"DET","RILB",5,"(2, 1)",1,"4","3"
"304",47173,"2021091204_2596",40000,2021-09-12 19:08:14,"DET","RILB",6,"(3, 1)",1,"3","2"
"305",47203,"2021091204_2596",40000,2021-09-12 19:08:15,"DET","RILB",7,"(3, 1)",1,"5","6"
"306",47215,"2021091204_2596",40000,2021-09-12 19:08:15,"DET","RILB",8,"(4, 1)",1,"4","3"
"307",47281,"2021091204_2652",44938,2021-09-12 19:13:01,"SF","REO",1,"(4, 1)",1,"1","2"
"308",47485,"2021091204_2742",44938,2021-09-12 19:15:40,"SF","REO",1,"(3, 1)",1,"4","3"
"309",47609,"2021091204_2766",41919,2021-09-12 19:16:24,"SF","DRT",10,"(2, 1)",1,"3","2"
"310",47621,"2021091204_2766",41919,2021-09-12 19:16:24,"SF","DRT",10,"(3, 1)",1,"2","3"
"311",48227,"2021091204_3195",42444,2021-09-12 19:33:39,"DET","RE",1,"(5, 1)",1,"2","1"
"312",48237,"2021091204_3195",42444,2021-09-12 19:33:39,"DET","RE",1,"(5, 1)",1,"3","2"
"313",48252,"2021091204_3195",42444,2021-09-12 19:33:40,"DET","RE",1,"(5, 1)",1,"4","2"
"314",48362,"2021091204_3255",40171,2021-09-12 19:35:02,"DET","LE",8,"(2, 1)",1,"3","2"
"315",48387,"2021091204_3255",40171,2021-09-12 19:35:03,"DET","LE",9,"(1, 1)",1,"2","1"
"316",48569,"2021091204_3404",41919,2021-09-12 19:42:18,"SF","LE",14,"(4, 1)",1,"4","3"
"317",48669,"2021091204_3444",41249,2021-09-12 19:43:18,"SF","LEO",12,"(3, 1)",1,"3","4"
"318",48753,"2021091204_3479",41249,2021-09-12 19:44:19,"SF","LOLB",14,"(4, 1)",1,"3","2"
"319",48981,"2021091204_3533",41249,2021-09-12 19:48:50,"SF","LOLB",12,"(4, 1)",1,"3","4"
"320",49055,"2021091204_3597",42444,2021-09-12 19:51:12,"DET","LEO",10,"(3, 3)",1,"1","2"
"321",49095,"2021091204_3597",42444,2021-09-12 19:51:10,"DET","LEO",14,"(3, 3)",1,"2","1"
"322",49437,"2021091204_3719",41919,2021-09-12 19:55:30,"SF","DRT",4,"(2, 1)",1,"3","4"
"323",49505,"2021091204_3741",41919,2021-09-12 19:56:10,"SF","DRT",1,"(1, 1)",1,"2","1"
"324",49521,"2021091204_3741",41919,2021-09-12 19:56:11,"SF","DRT",1,"(1, 1)",1,"3","4"
"325",49625,"2021091204_3774",41249,2021-09-12 19:56:59,"SF","LOLB",14,"(4, 1)",1,"1","2"
"326",49705,"2021091204_3808",41249,2021-09-12 19:57:37,"SF","LOLB",12,"0",2,"c(""2"", ""4"")","c(""3"", ""1"")"
"327",50162,"2021091204_3908",44938,2021-09-12 20:00:15,"SF","REO",1,"(1, 1)",1,"3","2"
"328",50254,"2021091204_3973",41249,2021-09-12 20:03:45,"SF","LEO",12,"(4, 1)",1,"2","1"
"329",50258,"2021091204_3973",41249,2021-09-12 20:03:46,"SF","LEO",12,"(3, 1)",1,"3","4"
"330",50634,"2021091204_4135",41249,2021-09-12 20:08:47,"SF","LEO",14,"(4, 1)",1,"2","1"
"331",50928,"2021091204_4253",42360,2021-09-12 20:12:25,"SF","DLT",13,"(2, 1)",1,"2","3"
"332",51012,"2021091204_4401",38544,2021-09-12 20:17:24,"DET","RE",1,"(4, 1)",1,"2","1"
"333",51088,"2021091204_4441",41249,2021-09-12 20:18:29,"SF","LEO",13,"(4, 1)",1,"3","2"
"334",51100,"2021091204_4441",41249,2021-09-12 20:18:30,"SF","LEO",13,"(4, 1)",1,"2","1"
"335",51184,"2021091204_4463",41249,2021-09-12 20:19:10,"SF","LOLB",12,"(3, 1)",1,"3","4"
"336",51204,"2021091204_4463",41249,2021-09-12 20:19:10,"SF","LOLB",10,"(3, 1)",1,"2","1"
"337",51272,"2021091204_4492",41249,2021-09-12 20:19:48,"SF","LEO",14,"(4, 1)",1,"1","2"
"338",51376,"2021091204_4514",41249,2021-09-12 20:20:24,"SF","LEO",14,"(4, 1)",1,"3","2"
"339",51692,"2021091204_4607",41249,2021-09-12 20:23:31,"SF","LEO",13,"(4, 1)",1,"2","1"
"340",51768,"2021091204_4629",41249,2021-09-12 20:24:22,"SF","LOLB",14,"(4, 1)",1,"2","3"
"341",52100,"2021091205_249",38556,2021-09-12 17:13:31,"HOU","REO",1,"(4, 1)",1,"2","1"
"342",52211,"2021091205_337",42375,2021-09-12 17:18:20,"JAX","NRT",10,"(3, 1)",1,"3","2"
"343",52226,"2021091205_337",42375,2021-09-12 17:18:20,"JAX","NRT",10,"(3, 1)",1,"4","5"
"344",52306,"2021091205_404",43787,2021-09-12 17:20:02,"JAX","DRT",3,"(2, 1)",1,"4","5"
"345",52676,"2021091205_513",43333,2021-09-12 17:23:21,"JAX","REO",3,"(3, 1)",1,"2","3"
"346",52681,"2021091205_513",43333,2021-09-12 17:23:21,"JAX","REO",4,"(3, 1)",1,"4","5"
"347",53004,"2021091205_787",42375,2021-09-12 17:37:12,"JAX","DRT",7,"(3, 1)",1,"2","2"
"348",53532,"2021091205_1050",43372,2021-09-12 17:48:40,"HOU","LEO",14,"(2, 1)",1,"2","1"
"349",53624,"2021091205_1091",43372,2021-09-12 17:51:41,"HOU","REO",3,"(1, 1)",1,"4","3"
"350",53628,"2021091205_1091",43372,2021-09-12 17:51:42,"HOU","REO",4,"(2, 1)",1,"2","1"
"351",53944,"2021091205_1212",38556,2021-09-12 17:55:23,"HOU","REO",4,"(1, 1)",1,"3","4"
"352",53948,"2021091205_1212",38556,2021-09-12 17:55:23,"HOU","REO",5,"(2, 1)",1,"2","1"
"353",54354,"2021091205_1426",43325,2021-09-12 18:04:34,"JAX","RLB",1,"(5, 1)",1,"4","5"
"354",54399,"2021091205_1426",43325,2021-09-12 18:04:35,"JAX","RLB",1,"(4, 1)",1,"5","4"
"355",54512,"2021091205_1494",42375,2021-09-12 18:06:32,"JAX","DLT",9,"(2, 1)",1,"3","4"
"356",54540,"2021091205_1667",44863,2021-09-12 18:14:34,"HOU","REO",5,"(2, 1)",1,"2","1"
"357",54644,"2021091205_1711",44863,2021-09-12 18:16:20,"HOU","REO",1,"(1, 1)",1,"3","4"
"358",54965,"2021091205_2042",40253,2021-09-12 18:33:31,"JAX","ROLB",1,"(7, 1)",1,"3","2"
"359",55014,"2021091205_2042",40253,2021-09-12 18:33:32,"JAX","ROLB",1,"(7, 1)",1,"4","3"
"360",55041,"2021091205_2075",40253,2021-09-12 18:34:40,"JAX","ROLB",1,"0",2,"c(""5"", ""2"")","c(""4"", ""1"")"
"361",55405,"2021091205_2183",38556,2021-09-12 18:39:11,"HOU","REO",1,"(1, 1)",1,"2","3"
"362",55765,"2021091205_2325",43333,2021-09-12 18:44:01,"JAX","DRT",3,"(4, 1)",1,"3","4"
"363",55877,"2021091205_2388",43333,2021-09-12 18:44:26,"JAX","DRT",2,"(4, 1)",1,"2","1"
"364",55957,"2021091205_2429",43333,2021-09-12 18:45:56,"JAX","DRT",4,"(4, 1)",1,"3","4"
"365",55981,"2021091205_2429",43333,2021-09-12 18:45:57,"JAX","DRT",3,"(4, 1)",1,"2","1"
"366",56001,"2021091205_2581",38556,2021-09-12 19:07:11,"HOU","REO",2,"(4, 1)",1,"2","1"
"367",56013,"2021091205_2581",38556,2021-09-12 19:07:11,"HOU","REO",3,"(3, 1)",1,"3","4"
"368",56169,"2021091205_2795",44863,2021-09-12 19:15:25,"HOU","LEO",11,"(1, 1)",1,"3","2"
"369",56185,"2021091205_2795",44863,2021-09-12 19:15:25,"HOU","LEO",10,"(2, 1)",1,"2","1"
"370",56197,"2021091205_2795",44863,2021-09-12 19:15:25,"HOU","LEO",9,"(3, 1)",1,"2","3"
"371",56527,"2021091205_3053",40253,2021-09-12 19:26:04,"JAX","LOLB",14,"(6, 1)",1,"2","1"
"372",56545,"2021091205_3053",40253,2021-09-12 19:26:04,"JAX","LOLB",14,"(6, 1)",1,"3","2"
"373",56745,"2021091205_3151",38556,2021-09-12 19:31:46,"HOU","REO",4,"(3, 1)",1,"3","4"
"374",57364,"2021091205_3426",43372,2021-09-12 19:42:39,"HOU","REO",1,"(1, 1)",1,"3","4"
"375",57665,"2021091205_3548",43333,2021-09-12 19:46:21,"JAX","REO",9,"(5, 1)",1,"3","2"
"376",57716,"2021091205_3631",42375,2021-09-12 19:49:02,"JAX","NRT",6,"(4, 1)",1,"3","2"
"377",57752,"2021091205_3631",42375,2021-09-12 19:49:03,"JAX","NRT",7,"(4, 1)",1,"2","1"
"378",57788,"2021091205_3631",42375,2021-09-12 19:49:04,"JAX","NRT",8,"(5, 1)",1,"5","5"
"379",57818,"2021091205_3631",42375,2021-09-12 19:49:04,"JAX","NRT",9,"(6, 1)",1,"5","6"
"380",58251,"2021091205_3783",38556,2021-09-12 19:59:25,"HOU","REO",6,"(2, 1)",1,"2","1"
"381",58267,"2021091205_3783",38556,2021-09-12 19:59:26,"HOU","REO",7,"(3, 1)",1,"3","2"
"382",58347,"2021091205_3805",43372,2021-09-12 20:01:27,"HOU","LEO",14,"(3, 1)",1,"3","4"
"383",58443,"2021091205_3886",43372,2021-09-12 20:02:27,"HOU","LEO",14,"(4, 1)",1,"2","1"
"384",58455,"2021091205_3886",43372,2021-09-12 20:02:27,"HOU","LEO",14,"(3, 1)",1,"4","3"
"385",58551,"2021091205_4100",38556,2021-09-12 20:09:41,"HOU","REO",1,"(1, 1)",1,"3","4"
"386",58643,"2021091205_4122",38556,2021-09-12 20:10:23,"HOU","REO",1,"(1, 1)",1,"4","3"
"387",58655,"2021091205_4122",38556,2021-09-12 20:10:23,"HOU","REO",1,"(1, 1)",1,"6","5"
"388",59171,"2021091205_4535",38556,2021-09-12 20:24:36,"HOU","REO",1,"(2, 1)",1,"2","1"
"389",59381,"2021091205_4604",38556,2021-09-12 20:25:42,"HOU","REO",1,"(1, 1)",1,"3","4"
"390",59411,"2021091205_4604",38556,2021-09-12 20:25:42,"HOU","REO",2,"(2, 1)",1,"2","1"
"391",59528,"2021091205_4649",38556,2021-09-12 20:27:08,"HOU","REO",1,"(1, 1)",1,"3","4"
"392",59533,"2021091205_4649",38556,2021-09-12 20:27:08,"HOU","REO",1,"(2, 1)",1,"2","1"
"393",59945,"2021091206_98",38577,2021-09-12 17:08:29,"SEA","LILB",9,"(4, 1)",1,"3","1"
"394",60069,"2021091206_128",35493,2021-09-12 17:09:27,"SEA","LEO",14,"(5, 3)",1,"4","3"
"395",60109,"2021091206_128",35493,2021-09-12 17:09:27,"SEA","LEO",14,"(4, 3)",1,"4","5"
"396",60511,"2021091206_439",43296,2021-09-12 17:22:22,"IND","DLT",3,"(2, 1)",1,"3","4"
"397",60602,"2021091206_506",43296,2021-09-12 17:24:06,"IND","RE",1,"(4, 1)",1,"4","3"
"398",60617,"2021091206_506",43296,2021-09-12 17:24:06,"IND","RE",1,"(4, 1)",1,"3","2"
"399",60637,"2021091206_506",43296,2021-09-12 17:24:07,"IND","RE",1,"(5, 1)",1,"4","5"
"400",60739,"2021091206_620",43296,2021-09-12 17:29:32,"IND","DLT",5,"(3, 1)",1,"2","3"
"401",60855,"2021091206_649",43296,2021-09-12 17:30:18,"IND","NLT",8,"(4, 1)",1,"1","2"
"402",60897,"2021091206_649",43296,2021-09-12 17:30:19,"IND","NLT",7,"(5, 1)",1,"4","5"
"403",60995,"2021091206_742",35493,2021-09-12 17:36:14,"SEA","LEO",13,"(3, 1)",1,"3","4"
"404",61052,"2021091206_855",43296,2021-09-12 17:41:30,"IND","RE",2,"(2, 1)",1,"5","4"
"405",61295,"2021091206_948",43296,2021-09-12 17:46:44,"IND","LE",1,"(3, 1)",1,"1","2"
"406",61666,"2021091206_1171",35562,2021-09-12 17:58:32,"SEA","DRT",2,"(4, 1)",1,"3","2"
"407",61716,"2021091206_1171",35562,2021-09-12 17:58:33,"SEA","DRT",2,"(5, 1)",1,"3","4"
"408",61721,"2021091206_1171",35562,2021-09-12 17:58:34,"SEA","DRT",2,"(4, 1)",1,"4","5"
"409",61911,"2021091206_1320",43296,2021-09-12 18:05:35,"IND","REO",2,"0",1,"3","2"
"410",62367,"2021091206_1583",43296,2021-09-12 18:16:50,"IND","RE",5,"(3, 1)",1,"2","3"
"411",62411,"2021091206_1668",43296,2021-09-12 18:19:05,"IND","RE",4,"(3, 1)",1,"1","2"
"412",62543,"2021091206_1687",43296,2021-09-12 18:19:38,"IND","LE",13,"0",1,"2","3"
"413",62695,"2021091206_1745",35493,2021-09-12 18:24:19,"SEA","LEO",14,"(1, 1)",1,"2","3"
"414",63631,"2021091206_2253",43296,2021-09-12 18:56:48,"IND","NT",7,"(2, 1)",1,"2","3"
"415",63851,"2021091206_2347",40825,2021-09-12 19:03:02,"SEA","REO",1,"(4, 1)",1,"2","1"
"416",63875,"2021091206_2347",40825,2021-09-12 19:03:03,"SEA","REO",1,"(4, 1)",1,"2","3"
"417",64183,"2021091206_2676",43296,2021-09-12 19:15:19,"IND","RE",5,"(3, 1)",1,"2","3"
"418",64295,"2021091206_2760",35493,2021-09-12 19:18:41,"SEA","LEO",14,"(1, 1)",1,"4","3"
"419",64387,"2021091206_2868",41786,2021-09-12 19:24:18,"SEA","REO",1,"(2, 1)",1,"2","2"
"420",64505,"2021091206_2914",41786,2021-09-12 19:25:46,"SEA","LE",8,"(3, 1)",1,"3","4"
"421",64520,"2021091206_2914",41786,2021-09-12 19:25:44,"SEA","LE",13,"0",2,"c(""1"", ""3"")","c(""2"", ""5"")"
"422",65537,"2021091206_3382",41786,2021-09-12 19:46:34,"SEA","DLT",5,"(2, 1)",1,"2","3"
"423",65729,"2021091206_3439",35493,2021-09-12 19:48:08,"SEA","LEO",14,"(4, 1)",1,"2","1"
"424",65857,"2021091206_3463",35493,2021-09-12 19:48:42,"SEA","LEO",13,"(4, 1)",1,"2","3"
"425",65952,"2021091206_3561",35493,2021-09-12 19:52:25,"SEA","LEO",14,"(7, 1)",1,"2","3"
"426",65973,"2021091206_3561",35493,2021-09-12 19:52:26,"SEA","LEO",14,"(7, 1)",1,"3","4"
"427",65994,"2021091206_3561",35493,2021-09-12 19:52:26,"SEA","LEO",14,"(7, 1)",1,"4","5"
"428",66145,"2021091206_3803",35493,2021-09-12 20:02:45,"SEA","LEO",13,"(4, 1)",1,"2","1"
"429",66157,"2021091206_3803",35493,2021-09-12 20:02:45,"SEA","LEO",1,"(3, 1)",1,"3","4"
"430",66369,"2021091207_100",37084,2021-09-12 17:07:55,"ARI","LE",7,"(3, 1)",1,"2","3"
"431",66665,"2021091207_253",42365,2021-09-12 17:12:19,"TEN","ROLB",1,"(1, 1)",1,"3","4"
"432",66761,"2021091207_386",42365,2021-09-12 17:16:23,"TEN","ROLB",1,"(2, 1)",1,"2","1"
"433",66857,"2021091207_410",42031,2021-09-12 17:17:02,"TEN","LE",10,"(2, 1)",1,"3","2"
"434",67075,"2021091207_621",42031,2021-09-12 17:29:44,"TEN","LEO",14,"(5, 1)",1,"5","4"
"435",67265,"2021091207_863",42031,2021-09-12 17:43:05,"TEN","RE",5,"(2, 1)",1,"2","1"
"436",67301,"2021091207_863",42031,2021-09-12 17:43:06,"TEN","RE",9,"(3, 1)",1,"3","2"
"437",67381,"2021091207_930",37084,2021-09-12 17:47:48,"ARI","NRT",12,"(3, 1)",1,"2","1"
"438",67393,"2021091207_930",37084,2021-09-12 17:47:49,"ARI","NRT",13,"(3, 1)",1,"3","3"
"439",67518,"2021091207_1053",37084,2021-09-12 17:51:15,"ARI","LEO",14,"(1, 1)",1,"3","3"
"440",67553,"2021091207_1053",37084,2021-09-12 17:51:16,"ARI","LEO",11,"(2, 1)",1,"2","1"
"441",67563,"2021091207_1053",37084,2021-09-12 17:51:16,"ARI","LEO",10,"(3, 1)",1,"2","3"
"442",67583,"2021091207_1053",37084,2021-09-12 17:51:16,"ARI","LEO",8,"(3, 1)",1,"1","2"
"443",67977,"2021091207_1344",42365,2021-09-12 18:02:36,"TEN","ROLB",1,"(5, 1)",1,"5","6"
"444",68001,"2021091207_1344",42365,2021-09-12 18:02:37,"TEN","ROLB",1,"(6, 1)",1,"6","6"
"445",68375,"2021091207_1562",35522,2021-09-12 18:11:40,"ARI","DRT",5,"(4, 1)",1,"4","3"
"446",68415,"2021091207_1562",35522,2021-09-12 18:11:40,"ARI","DRT",2,"(4, 1)",1,"2","1"
"447",68420,"2021091207_1562",35522,2021-09-12 18:11:40,"ARI","DRT",1,"(4, 1)",1,"3","2"
"448",69079,"2021091207_2050",37084,2021-09-12 18:34:20,"ARI","LE",14,"(4, 1)",1,"3","4"
"449",69199,"2021091207_2095",37084,2021-09-12 18:35:03,"ARI","DLT",3,"(1, 1)",1,"2","1"
"450",69421,"2021091207_2148",37084,2021-09-12 18:35:59,"ARI","LE",13,"(6, 3)",1,"6","5"
"451",69449,"2021091207_2148",37084,2021-09-12 18:36:00,"ARI","LE",13,"(6, 3)",1,"2","3"
"452",69470,"2021091207_2148",37084,2021-09-12 18:36:00,"ARI","LE",13,"(7, 3)",1,"6","7"
"453",69569,"2021091207_2189",38551,2021-09-12 18:37:20,"ARI","ROLB",4,"(3, 1)",1,"2","3"
"454",69611,"2021091207_2189",38551,2021-09-12 18:37:21,"ARI","ROLB",7,"(3, 1)",1,"5","6"
"455",69799,"2021091207_2244",37084,2021-09-12 18:38:59,"ARI","LEO",12,"(3, 1)",1,"4","3"
"456",69926,"2021091207_2503",42031,2021-09-12 19:03:00,"TEN","LE",11,"(2, 1)",1,"1","2"
"457",69935,"2021091207_2503",42031,2021-09-12 19:03:00,"TEN","LE",11,"(3, 1)",1,"3","2"
"458",70052,"2021091207_2529",37084,2021-09-12 19:04:01,"ARI","RE",3,"(2, 1)",1,"4","3"
"459",70057,"2021091207_2529",37084,2021-09-12 19:04:01,"ARI","RE",3,"(3, 1)",1,"3","2"
"460",70062,"2021091207_2529",37084,2021-09-12 19:04:01,"ARI","RE",3,"(4, 1)",1,"4","4"
"461",70142,"2021091207_2553",37084,2021-09-12 19:04:44,"ARI","LE",10,"(3, 1)",1,"4","3"
"462",70262,"2021091207_2654",42365,2021-09-12 19:10:10,"TEN","ROLB",1,"(5, 1)",1,"4","3"
"463",70287,"2021091207_2654",42365,2021-09-12 19:10:11,"TEN","ROLB",1,"(5, 1)",1,"3","2"
"464",70302,"2021091207_2654",42365,2021-09-12 19:10:11,"TEN","ROLB",1,"(5, 1)",1,"2","1"
"465",70879,"2021091207_2982",42031,2021-09-12 19:25:44,"TEN","LE",14,"(2, 1)",1,"3","4"
"466",70884,"2021091207_2982",42031,2021-09-12 19:25:44,"TEN","LE",14,"(1, 1)",1,"2","1"
"467",70966,"2021091207_3148",37084,2021-09-12 19:32:37,"ARI","LE",5,"(2, 1)",1,"3","2"
"468",71032,"2021091207_3245",42031,2021-09-12 19:36:00,"TEN","LE",10,"(2, 1)",1,"1","2"
"469",71138,"2021091207_3310",41403,2021-09-12 19:39:03,"ARI","ROLB",1,"(1, 1)",1,"4","3"
"470",71419,"2021091207_3420",37084,2021-09-12 19:42:10,"ARI","NLT",5,"(2, 1)",1,"2","3"
"471",71830,"2021091207_3776",37084,2021-09-12 19:59:03,"ARI","RE",1,"(5, 1)",1,"6","7"
"472",71907,"2021091207_3776",37084,2021-09-12 19:59:04,"ARI","RE",2,"(5, 1)",1,"2","3"
"473",71921,"2021091207_3776",37084,2021-09-12 19:59:04,"ARI","RE",3,"(6, 1)",1,"6","5"
"474",71942,"2021091207_3776",37084,2021-09-12 19:59:04,"ARI","RE",4,"(6, 1)",1,"5","4"
"475",71977,"2021091207_3776",37084,2021-09-12 19:59:05,"ARI","RE",7,"(6, 1)",1,"4","3"
"476",72148,"2021091207_3847",38551,2021-09-12 20:00:37,"ARI","ROLB",1,"(4, 1)",1,"3","2"
"477",72228,"2021091207_3871",38551,2021-09-12 20:01:01,"ARI","ROLB",1,"(4, 1)",1,"1","2"
"478",72441,"2021091208_85",44829,2021-09-12 17:07:05,"WAS","NT",10,"(3, 1)",1,"2","1"
"479",72804,"2021091208_450",39998,2021-09-12 17:22:07,"WAS","RLB",1,"(5, 1)",1,"4","5"
"480",72869,"2021091208_450",39998,2021-09-12 17:22:08,"WAS","RLB",1,"(5, 1)",1,"2","1"
"481",72986,"2021091208_649",43292,2021-09-12 17:29:34,"LAC","LEO",14,"(4, 1)",1,"2","3"
"482",72998,"2021091208_649",43292,2021-09-12 17:29:35,"LAC","LEO",12,"(3, 1)",1,"3","4"
"483",73214,"2021091208_764",43373,2021-09-12 17:35:16,"WAS","SCBL",14,"(1, 1)",1,"3","2"
"484",73338,"2021091208_920",42559,2021-09-12 17:43:48,"LAC","DLT",13,"(1, 1)",1,"2","1"
"485",73418,"2021091208_974",43292,2021-09-12 17:45:26,"LAC","LEO",14,"(2, 1)",1,"2","1"
"486",73434,"2021091208_974",43292,2021-09-12 17:45:26,"LAC","LEO",13,"(2, 1)",1,"3","4"
"487",73518,"2021091208_996",43292,2021-09-12 17:46:03,"LAC","LEO",14,"(1, 1)",1,"4","3"
"488",73671,"2021091208_1145",43441,2021-09-12 17:51:59,"WAS","DLT",13,"(5, 2)",1,"2","3"
"489",73706,"2021091208_1145",43441,2021-09-12 17:51:59,"WAS","DLT",14,"(5, 1)",1,"4","3"
"490",73751,"2021091208_1145",43441,2021-09-12 17:52:00,"WAS","DLT",13,"(5, 1)",1,"2","1"
"491",73851,"2021091208_1190",43441,2021-09-12 17:53:14,"WAS","DLT",12,"(5, 1)",1,"4","5"
"492",73861,"2021091208_1190",43441,2021-09-12 17:53:14,"WAS","DLT",13,"(5, 1)",1,"2","3"
"493",73958,"2021091208_1214",43441,2021-09-12 17:53:51,"WAS","DLT",9,"(4, 1)",1,"3","4"
"494",74146,"2021091208_1304",44829,2021-09-12 17:56:24,"WAS","RE",1,"(3, 1)",1,"3","2"
"495",74242,"2021091208_1367",35485,2021-09-12 18:00:47,"LAC","NT",9,"(2, 1)",1,"3","4"
"496",74370,"2021091208_1453",43292,2021-09-12 18:06:19,"LAC","LEO",13,"(1, 1)",1,"4","3"
"497",74390,"2021091208_1453",43292,2021-09-12 18:06:19,"LAC","LEO",11,"(1, 1)",1,"3","2"
"498",74400,"2021091208_1453",43292,2021-09-12 18:06:19,"LAC","LEO",10,"(2, 1)",1,"2","1"
"499",74540,"2021091208_1545",39998,2021-09-12 18:09:09,"WAS","LILB",12,"(4, 1)",1,"3","4"
"500",74600,"2021091208_1545",39998,2021-09-12 18:09:10,"WAS","LILB",13,"(5, 1)",1,"4","5"
"501",74847,"2021091208_1675",43441,2021-09-12 18:12:34,"WAS","NLT",12,"(4, 1)",1,"1","2"
"502",74882,"2021091208_1675",43441,2021-09-12 18:12:35,"WAS","NLT",1,"(5, 1)",1,"4","5"
"503",75203,"2021091208_1988",44829,2021-09-12 18:22:22,"WAS","DRT",1,"(1, 1)",1,"2","1"
"504",75311,"2021091208_2010",44829,2021-09-12 18:23:07,"WAS","DRT",8,"(2, 1)",1,"3","4"
"505",75411,"2021091208_2046",44829,2021-09-12 18:24:45,"WAS","RE",2,"(1, 1)",1,"2","1"
"506",75595,"2021091208_2185",42559,2021-09-12 18:28:56,"LAC","LE",10,"(1, 1)",1,"2","1"
"507",75607,"2021091208_2185",42559,2021-09-12 18:28:56,"LAC","LE",11,"(1, 1)",1,"3","4"
"508",75791,"2021091208_2322",35485,2021-09-12 18:45:27,"LAC","NT",7,"(3, 1)",1,"2","1"
"509",76019,"2021091208_2428",35485,2021-09-12 18:48:24,"LAC","NT",5,"(2, 1)",1,"3","4"
"510",76115,"2021091208_2482",42559,2021-09-12 18:49:44,"LAC","RE",9,"(3, 1)",1,"2","1"
"511",76401,"2021091208_2692",43441,2021-09-12 18:57:49,"WAS","NLT",11,"(2, 1)",1,"3","4"
"512",76481,"2021091208_2714",42376,2021-09-12 18:58:26,"WAS","SCBR",1,"(4, 2)",1,"2","3"
"513",76586,"2021091208_2761",39998,2021-09-12 18:59:57,"WAS","RILB",6,"(3, 1)",1,"4","3"
"514",76631,"2021091208_2761",39998,2021-09-12 18:59:58,"WAS","RILB",8,"(3, 1)",1,"1","2"
"515",76995,"2021091208_3166",35485,2021-09-12 19:11:45,"LAC","DLT",10,"(4, 1)",1,"2","4"
"516",77003,"2021091208_3166",35485,2021-09-12 19:11:45,"LAC","DLT",1,"(3, 1)",1,"4","3"
"517",77111,"2021091208_3331",42559,2021-09-12 19:20:14,"LAC","LE",7,"(3, 1)",1,"4","5"
"518",77206,"2021091208_3375",43441,2021-09-12 19:21:45,"WAS","DLT",1,"(4, 2)",1,"3","2"
"519",77431,"2021091208_3442",43441,2021-09-12 19:23:38,"WAS","LE",14,"(3, 1)",1,"1","2"
"520",77815,"2021091208_3850",43292,2021-09-12 19:40:44,"LAC","LOLB",14,"(1, 1)",1,"3","2"
"521",79057,"2021091209_265",40051,2021-09-12 20:33:07,"KC","LEO",14,"(1, 1)",1,"3","2"
"522",79253,"2021091209_490",38667,2021-09-12 20:43:21,"CLE","RE",1,"(2, 1)",1,"3","4"
"523",79257,"2021091209_490",38667,2021-09-12 20:43:21,"CLE","RE",1,"(1, 1)",1,"1","2"
"524",79722,"2021091209_677",38667,2021-09-12 20:51:43,"CLE","LE",13,"(4, 1)",1,"3","4"
"525",79806,"2021091209_710",38667,2021-09-12 20:52:35,"CLE","DLT",14,"(4, 1)",1,"3","4"
"526",79902,"2021091209_768",40051,2021-09-12 20:57:17,"KC","LEO",14,"(1, 1)",1,"3","2"
"527",80302,"2021091209_1085",38667,2021-09-12 21:13:20,"CLE","LE",12,"(2, 1)",1,"3","4"
"528",80393,"2021091209_1142",38667,2021-09-12 21:14:44,"CLE","DLT",7,"(4, 1)",1,"3","4"
"529",80413,"2021091209_1142",38667,2021-09-12 21:14:44,"CLE","DLT",6,"(4, 1)",1,"2","1"
"530",80438,"2021091209_1142",38667,2021-09-12 21:14:45,"CLE","DLT",5,"(4, 1)",1,"3","2"
"531",80523,"2021091209_1166",41227,2021-09-12 21:15:26,"CLE","LEO",14,"(1, 1)",1,"3","4"
"532",80656,"2021091209_1212",37317,2021-09-12 21:16:55,"CLE","LILB",8,"(3, 1)",1,"2","3"
"533",80721,"2021091209_1212",37317,2021-09-12 21:16:56,"CLE","LILB",2,"(3, 1)",1,"2","1"
"534",81525,"2021091209_1672",38667,2021-09-12 21:37:20,"CLE","DLT",14,"(1, 2)",1,"2","3"
"535",81653,"2021091209_1694",38667,2021-09-12 21:37:58,"CLE","DRT",6,"(3, 1)",1,"2","1"
"536",82201,"2021091209_1938",40051,2021-09-12 21:51:32,"KC","LEO",14,"(4, 1)",1,"2","1"
"537",82369,"2021091209_2124",38667,2021-09-12 22:11:08,"CLE","LE",10,"(3, 1)",1,"2","3"
"538",82728,"2021091209_2293",38667,2021-09-12 22:15:53,"CLE","DRT",6,"(4, 2)",1,"3","2"
"539",82738,"2021091209_2293",38667,2021-09-12 22:15:53,"CLE","DRT",8,"(3, 2)",1,"3","4"
"540",82748,"2021091209_2293",38667,2021-09-12 22:15:53,"CLE","DRT",9,"(2, 1)",1,"2","3"
"541",82965,"2021091209_2364",43411,2021-09-12 22:17:56,"CLE","DRT",3,"(3, 1)",1,"2","1"
"542",83126,"2021091209_2587",38667,2021-09-12 22:30:56,"CLE","DLT",14,"(1, 2)",1,"5","4"
"543",83166,"2021091209_2587",38667,2021-09-12 22:30:57,"CLE","DLT",14,"(1, 1)",1,"3","2"
"544",83464,"2021091209_2777",38667,2021-09-12 22:36:17,"CLE","DRT",4,"(3, 1)",1,"3","2"
"545",84016,"2021091209_3149",43326,2021-09-12 22:59:00,"KC","LEO",10,"(2, 1)",1,"2","1"
"546",84216,"2021091209_3192",40051,2021-09-12 23:00:20,"KC","LEO",14,"(1, 1)",1,"2","3"
"547",84499,"2021091209_3435",40051,2021-09-12 23:11:29,"KC","RILB",2,"(5, 1)",1,"4","3"
"548",84590,"2021091209_3510",38667,2021-09-12 23:15:55,"CLE","LE",14,"(4, 1)",1,"2","1"
"549",84615,"2021091209_3510",38667,2021-09-12 23:15:56,"CLE","LE",14,"(5, 1)",1,"4","5"
"550",84725,"2021091209_3534",38667,2021-09-12 23:16:39,"CLE","RE",3,"(3, 1)",1,"3","2"
"551",84781,"2021091209_3617",38667,2021-09-12 23:19:18,"CLE","DRT",3,"(3, 2)",1,"1","2"
"552",84817,"2021091209_3617",38667,2021-09-12 23:19:19,"CLE","DRT",6,"(4, 2)",1,"4","3"
"553",84841,"2021091209_3617",38667,2021-09-12 23:19:19,"CLE","DRT",7,"(4, 1)",1,"5","6"
"554",84883,"2021091209_3617",38667,2021-09-12 23:19:20,"CLE","DRT",9,"(4, 1)",1,"2","1"
"555",84987,"2021091209_3639",38667,2021-09-12 23:20:02,"CLE","RE",3,"(1, 1)",1,"2","1"
"556",85267,"2021091209_3793",41502,2021-09-12 23:26:18,"KC","ROLB",5,"(2, 1)",1,"3","2"
"557",85292,"2021091209_3793",41502,2021-09-12 23:26:18,"KC","ROLB",7,"(2, 1)",1,"5","5"
"558",85387,"2021091210_146",42370,2021-09-12 20:28:46,"MIA","RCB",5,"(2, 1)",1,"2","1"
"559",85486,"2021091210_200",43321,2021-09-12 20:32:36,"MIA","LEO",14,"(4, 1)",1,"3","2"
"560",85824,"2021091210_574",40030,2021-09-12 20:46:34,"MIA","NRT",14,"(2, 1)",1,"3","4"
"561",85829,"2021091210_574",40030,2021-09-12 20:46:35,"MIA","NRT",14,"(2, 1)",1,"3","5"
"562",85839,"2021091210_574",40030,2021-09-12 20:46:32,"MIA","NRT",6,"(2, 2)",1,"3","5"
"563",86030,"2021091210_726",38555,2021-09-12 20:51:50,"NE","LOLB",14,"(3, 1)",1,"2","1"
"564",86060,"2021091210_726",38555,2021-09-12 20:51:50,"NE","LOLB",13,"(2, 1)",1,"3","2"
"565",86100,"2021091210_865",40030,2021-09-12 20:57:49,"MIA","NT",7,"(2, 1)",1,"3","4"
"566",86175,"2021091210_865",40030,2021-09-12 20:57:51,"MIA","NT",6,"(3, 1)",1,"2","3"
"567",86312,"2021091210_953",40030,2021-09-12 21:02:04,"MIA","NT",5,"(4, 1)",1,"3","2"
"568",86357,"2021091210_953",40030,2021-09-12 21:02:04,"MIA","NT",2,"(4, 1)",1,"2","1"
"569",86367,"2021091210_953",40030,2021-09-12 21:02:02,"MIA","NT",7,"(4, 1)",1,"2","3"
"570",86446,"2021091210_996",43321,2021-09-12 21:03:20,"MIA","LEO",14,"(1, 1)",1,"3","2"
"571",86466,"2021091210_996",43321,2021-09-12 21:03:20,"MIA","LEO",12,"(1, 1)",1,"3","4"
"572",86625,"2021091210_1081",43321,2021-09-12 21:05:59,"MIA","LEO",14,"(1, 1)",1,"2","3"
"573",86635,"2021091210_1081",43321,2021-09-12 21:05:59,"MIA","LEO",14,"(1, 1)",1,"3","4"
"574",86650,"2021091210_1081",43321,2021-09-12 21:05:59,"MIA","LEO",14,"(1, 1)",1,"3","2"
"575",86742,"2021091210_1201",44944,2021-09-12 21:11:49,"NE","DRT",4,"(3, 1)",1,"3","2"
"576",87035,"2021091210_1368",43503,2021-09-12 21:19:17,"MIA","LILB",9,"(2, 1)",1,"3","2"
"577",87065,"2021091210_1368",43503,2021-09-12 21:19:17,"MIA","LILB",9,"(2, 1)",1,"4","5"
"578",87085,"2021091210_1368",43503,2021-09-12 21:19:18,"MIA","LILB",9,"(1, 1)",1,"2","1"
"579",87175,"2021091210_1390",43321,2021-09-12 21:19:55,"MIA","LEO",14,"(1, 1)",1,"5","4"
"580",87190,"2021091210_1390",43321,2021-09-12 21:19:55,"MIA","LEO",14,"(1, 1)",1,"2","3"
"581",87290,"2021091210_1442",37308,2021-09-12 21:23:41,"NE","RE",3,"(2, 1)",1,"2","1"
"582",87314,"2021091210_1492",37308,2021-09-12 21:25:02,"NE","DRT",4,"(1, 1)",1,"1","2"
"583",87350,"2021091210_1492",37308,2021-09-12 21:25:03,"NE","DRT",4,"(1, 1)",1,"4","3"
"584",87378,"2021091210_1492",37308,2021-09-12 21:25:04,"NE","DRT",6,"(1, 1)",1,"3","2"
"585",87582,"2021091210_1608",43321,2021-09-12 21:30:47,"MIA","LEO",13,"(1, 1)",1,"3","4"
"586",87590,"2021091210_1608",43321,2021-09-12 21:30:47,"MIA","LEO",12,"(2, 1)",1,"2","2"
"587",87704,"2021091210_1630",40030,2021-09-12 21:31:27,"MIA","NT",8,"(4, 1)",1,"3","4"
"588",87798,"2021091210_1657",40030,2021-09-12 21:34:44,"MIA","NRT",2,"(5, 1)",1,"3","4"
"589",87846,"2021091210_1657",40030,2021-09-12 21:34:45,"MIA","NRT",1,"(5, 1)",1,"4","3"
"590",87878,"2021091210_1712",40030,2021-09-12 21:36:30,"MIA","NT",7,"(3, 1)",1,"2","1"
"591",87930,"2021091210_1712",40030,2021-09-12 21:36:32,"MIA","NT",6,"(3, 1)",1,"1","2"
"592",87999,"2021091210_1772",44991,2021-09-12 21:39:28,"NE","NRT",10,"(3, 1)",1,"3","2"
"593",88014,"2021091210_1772",44991,2021-09-12 21:39:28,"NE","NRT",1,"(3, 1)",1,"2","1"
"594",88023,"2021091210_1772",44991,2021-09-12 21:39:29,"NE","NRT",1,"(2, 1)",1,"3","2"
"595",88034,"2021091210_1858",38555,2021-09-12 21:44:21,"NE","LLB",14,"(4, 1)",1,"1","2"
"596",88078,"2021091210_1858",38555,2021-09-12 21:44:22,"NE","LLB",13,"(4, 1)",1,"2","1"
"597",88102,"2021091210_1858",38555,2021-09-12 21:44:23,"NE","LLB",10,"(4, 1)",1,"2","3"
"598",88182,"2021091210_1947",43435,2021-09-12 21:47:53,"NE","LILB",8,"(2, 1)",1,"2","3"
"599",88202,"2021091210_1947",43435,2021-09-12 21:47:54,"NE","LILB",9,"(2, 1)",1,"3","4"
"600",88260,"2021091210_1989",41269,2021-09-12 21:48:34,"NE","LLB",10,"(3, 1)",1,"1","2"
"601",88272,"2021091210_1989",41269,2021-09-12 21:48:35,"NE","LLB",8,"(2, 1)",1,"2","3"
"602",88347,"2021091210_2011",44944,2021-09-12 21:49:18,"NE","RE",1,"(1, 1)",1,"2","1"
"603",88510,"2021091210_2141",38555,2021-09-12 22:06:42,"NE","LOLB",13,"(4, 1)",1,"3","4"
"604",88595,"2021091210_2191",37308,2021-09-12 22:07:53,"NE","DRT",6,"(3, 1)",1,"2","3"
"605",88640,"2021091210_2191",37308,2021-09-12 22:07:51,"NE","DRT",3,"(2, 1)",1,"2","3"
"606",88730,"2021091210_2287",42433,2021-09-12 22:10:16,"NE","NT",3,"(1, 1)",1,"1","2"
"607",88942,"2021091210_2461",40030,2021-09-12 22:18:33,"MIA","NT",5,"(2, 1)",1,"4","3"
"608",89037,"2021091210_2483",43321,2021-09-12 22:19:10,"MIA","LEO",14,"(1, 1)",1,"3","4"
"609",89057,"2021091210_2483",43321,2021-09-12 22:19:11,"MIA","LEO",14,"(1, 1)",1,"4","5"
"610",89418,"2021091210_2633",43321,2021-09-12 22:26:11,"MIA","LEO",14,"(1, 1)",1,"2","3"
"611",89602,"2021091210_2728",43321,2021-09-12 22:28:39,"MIA","LEO",14,"(1, 1)",1,"2","3"
"612",89702,"2021091210_2752",43321,2021-09-12 22:29:18,"MIA","LEO",14,"(1, 1)",1,"3","4"
"613",89787,"2021091210_2830",41269,2021-09-12 22:34:29,"NE","LLB",8,"(3, 1)",1,"1","2"
"614",89793,"2021091210_2830",41269,2021-09-12 22:34:30,"NE","LLB",8,"(2, 1)",1,"2","3"
"615",89930,"2021091210_2973",40030,2021-09-12 22:41:58,"MIA","NT",6,"(3, 2)",1,"1","2"
"616",90238,"2021091210_3069",34654,2021-09-12 22:46:42,"MIA","ROLB",4,"(1, 1)",1,"2","3"
"617",90285,"2021091210_3093",40030,2021-09-12 22:47:15,"MIA","NT",9,"(4, 3)",1,"3","2"
"618",90370,"2021091210_3093",40030,2021-09-12 22:47:16,"MIA","NT",1,"(4, 3)",1,"2","1"
"619",90603,"2021091210_3173",43321,2021-09-12 22:49:10,"MIA","LEO",13,"(5, 1)",1,"4","3"
"620",90608,"2021091210_3173",43321,2021-09-12 22:49:10,"MIA","LEO",13,"(5, 1)",1,"1","2"
"621",90618,"2021091210_3173",43321,2021-09-12 22:49:11,"MIA","LEO",1,"(4, 1)",1,"4","5"
"622",90853,"2021091210_3345",37308,2021-09-12 22:56:41,"NE","LE",14,"(1, 1)",1,"2","3"
"623",90865,"2021091210_3345",37308,2021-09-12 22:56:41,"NE","LE",14,"(1, 1)",1,"3","2"
"624",90945,"2021091210_3415",42116,2021-09-12 22:58:31,"NE","LILB",9,"(1, 1)",1,"2","1"
"625",90961,"2021091210_3415",42116,2021-09-12 22:58:32,"NE","LILB",11,"(1, 1)",1,"3","2"
"626",91071,"2021091210_3473",43321,2021-09-12 23:02:28,"MIA","LEO",14,"(6, 1)",1,"5","6"
"627",91149,"2021091210_3497",34654,2021-09-12 23:03:06,"MIA","RILB",7,"(4, 1)",1,"3","4"
"628",91309,"2021091210_3610",43321,2021-09-12 23:06:19,"MIA","LEO",14,"(4, 1)",1,"2","3"
"629",91337,"2021091210_3610",43321,2021-09-12 23:06:17,"MIA","LEO",14,"(4, 2)",1,"3","2"
"630",91509,"2021091211_142",43316,2021-09-12 20:28:49,"GB","DRT",7,"(2, 1)",1,"3","2"
"631",91663,"2021091211_184",42381,2021-09-12 20:31:00,"GB","LOLB",14,"(1, 1)",1,"4","5"
"632",91737,"2021091211_206",42381,2021-09-12 20:31:41,"GB","LOLB",14,"(1, 1)",1,"2","3"
"633",91921,"2021091211_307",37097,2021-09-12 20:35:58,"NO","LOLB",14,"(4, 1)",1,"2","3"
"634",91953,"2021091211_307",37097,2021-09-12 20:35:58,"NO","LOLB",14,"(3, 1)",1,"3","4"
"635",92049,"2021091211_393",44871,2021-09-12 20:39:16,"NO","LEO",12,"(4, 1)",1,"2","1"
"636",92113,"2021091211_421",37097,2021-09-12 20:40:02,"NO","LEO",14,"(4, 1)",1,"3","3"
"637",92421,"2021091211_597",46438,2021-09-12 20:45:26,"GB","RE",1,"(4, 1)",1,"2","1"
"638",92552,"2021091211_640",42381,2021-09-12 20:46:52,"GB","ROLB",1,"(5, 1)",1,"2","1"
"639",92627,"2021091211_709",42465,2021-09-12 20:49:01,"GB","ROLB",1,"(5, 1)",1,"3","4"
"640",92657,"2021091211_709",42465,2021-09-12 20:49:02,"GB","ROLB",1,"(5, 1)",1,"2","1"
"641",92841,"2021091211_921",37097,2021-09-12 21:00:07,"NO","LEO",14,"(1, 1)",1,"3","2"
"642",92941,"2021091211_945",37097,2021-09-12 21:00:51,"NO","LOLB",14,"(1, 1)",1,"3","4"
"643",93029,"2021091211_1274",43316,2021-09-12 21:15:37,"GB","DRT",7,"(2, 1)",1,"3","4"
"644",93049,"2021091211_1274",43316,2021-09-12 21:15:35,"GB","DRT",5,"(2, 1)",1,"3","4"
"645",93157,"2021091211_1391",42381,2021-09-12 21:21:36,"GB","ROLB",1,"(1, 1)",1,"6","5"
"646",93187,"2021091211_1391",42381,2021-09-12 21:21:36,"GB","ROLB",1,"(1, 1)",1,"4","5"
"647",93199,"2021091211_1391",42381,2021-09-12 21:21:37,"GB","ROLB",1,"(2, 1)",1,"1","2"
"648",93289,"2021091211_1443",37097,2021-09-12 21:25:57,"NO","LOLB",14,"(1, 1)",1,"3","2"
"649",93361,"2021091211_1493",34465,2021-09-12 21:26:59,"NO","LOLB",14,"(1, 1)",1,"2","3"
"650",93396,"2021091211_1493",34465,2021-09-12 21:26:59,"NO","LOLB",13,"(2, 1)",1,"2","1"
"651",93406,"2021091211_1493",34465,2021-09-12 21:26:59,"NO","LOLB",11,"(2, 1)",1,"4","5"
"652",93681,"2021091211_1550",37097,2021-09-12 21:28:19,"NO","LOLB",14,"(2, 1)",1,"1","2"
"653",93713,"2021091211_1550",37097,2021-09-12 21:28:20,"NO","LOLB",10,"(2, 1)",1,"4","3"
"654",93805,"2021091211_1608",37097,2021-09-12 21:32:53,"NO","LEO",14,"(2, 1)",1,"1","2"
"655",93897,"2021091211_1698",37097,2021-09-12 21:48:07,"NO","LEO",14,"(1, 1)",1,"3","4"
"656",94050,"2021091211_1785",37097,2021-09-12 21:55:54,"NO","LE",11,"(2, 1)",1,"2","1"
"657",94080,"2021091211_1785",37097,2021-09-12 21:55:54,"NO","LE",9,"(3, 1)",1,"2","3"
"658",94608,"2021091211_2118",42465,2021-09-12 22:08:28,"GB","LOLB",14,"(4, 1)",1,"4","5"
"659",94648,"2021091211_2118",42465,2021-09-12 22:08:28,"GB","LOLB",12,"(3, 1)",1,"3","4"
"660",94721,"2021091211_2140",42381,2021-09-12 22:09:11,"GB","ROLB",1,"(1, 1)",1,"2","3"
"661",94837,"2021091211_2203",44871,2021-09-12 22:14:00,"NO","LEO",14,"(2, 1)",1,"1","2"
"662",94917,"2021091211_2259",44871,2021-09-12 22:15:48,"NO","LEO",14,"(1, 1)",1,"4","3"
"663",95049,"2021091211_2327",42381,2021-09-12 22:18:29,"GB","ROLB",2,"(1, 1)",1,"3","4"
"664",95109,"2021091211_2425",37097,2021-09-12 22:23:50,"NO","LEO",14,"(1, 1)",1,"4","3"
"665",95321,"2021091211_2471",37097,2021-09-12 22:25:24,"NO","LEO",14,"(1, 1)",1,"3","2"
"666",95505,"2021091211_2536",42381,2021-09-12 22:29:55,"GB","ROLB",2,"(2, 1)",1,"2","1"
"667",95613,"2021091211_2617",42381,2021-09-12 22:34:42,"GB","LOLB",14,"(1, 1)",1,"3","4"
"668",95709,"2021091211_2755",37097,2021-09-12 22:40:20,"NO","LEO",14,"(3, 1)",1,"4","3"
"669",95905,"2021091211_3031",44871,2021-09-12 22:54:51,"NO","LOLB",14,"(6, 2)",1,"5","4"
"670",95947,"2021091211_3031",44871,2021-09-12 22:54:52,"NO","LOLB",14,"(6, 2)",1,"3","4"
"671",95977,"2021091211_3031",44871,2021-09-12 22:54:52,"NO","LOLB",14,"(6, 1)",1,"3","2"
"672",96025,"2021091211_3031",44871,2021-09-12 22:54:50,"NO","LOLB",14,"(6, 2)",2,"c(""4"", ""2"")","c(""5"", ""3"")"
"673",96102,"2021091211_3060",34465,2021-09-12 22:55:38,"NO","ROLB",1,"(1, 1)",1,"2","3"
"674",96419,"2021091212_186",37075,2021-09-12 20:29:53,"DEN","LOLB",14,"(1, 1)",1,"3","4"
"675",96435,"2021091212_186",37075,2021-09-12 20:29:53,"DEN","LOLB",14,"(2, 1)",1,"1","2"
"676",96507,"2021091212_335",42349,2021-09-12 20:35:17,"NYG","RE",1,"(2, 1)",1,"4","3"
"677",96527,"2021091212_335",42349,2021-09-12 20:35:18,"NYG","RE",1,"(1, 1)",1,"1","2"
"678",97135,"2021091212_635",42349,2021-09-12 20:45:23,"NYG","NT",8,"(3, 1)",1,"1","2"
"679",97311,"2021091212_702",42355,2021-09-12 20:47:33,"NYG","DLT",14,"(4, 1)",1,"3","4"
"680",97315,"2021091212_702",42355,2021-09-12 20:47:33,"NYG","DLT",14,"(4, 1)",1,"1","2"
"681",97674,"2021091212_912",37075,2021-09-12 20:59:07,"DEN","LOLB",14,"(5, 1)",1,"3","2"
"682",97704,"2021091212_912",37075,2021-09-12 20:59:08,"DEN","LOLB",14,"(5, 1)",1,"3","4"
"683",97714,"2021091212_912",37075,2021-09-12 20:59:08,"DEN","LOLB",14,"(4, 1)",1,"4","5"
"684",98087,"2021091212_1081",40031,2021-09-12 21:06:49,"NYG","RLB",3,"(4, 1)",1,"4","5"
"685",98299,"2021091212_1175",42349,2021-09-12 21:09:39,"NYG","DRT",5,"(4, 1)",1,"3","4"
"686",98369,"2021091212_1199",42349,2021-09-12 21:10:24,"NYG","NT",9,"(3, 1)",1,"2","1"
"687",98414,"2021091212_1199",42349,2021-09-12 21:10:24,"NYG","NT",7,"(4, 1)",1,"3","4"
"688",98434,"2021091212_1199",42349,2021-09-12 21:10:25,"NYG","NT",5,"(4, 1)",1,"2","3"
"689",98746,"2021091212_1366",37075,2021-09-12 21:18:41,"DEN","LOLB",12,"(4, 1)",1,"4","5"
"690",98786,"2021091212_1388",37075,2021-09-12 21:19:25,"DEN","LOLB",14,"(5, 1)",1,"3","4"
"691",98836,"2021091212_1388",37075,2021-09-12 21:19:26,"DEN","LOLB",13,"(5, 1)",1,"1","2"
"692",98856,"2021091212_1388",37075,2021-09-12 21:19:23,"DEN","LOLB",14,"(5, 1)",2,"c(""4"", ""1"")","c(""2"", ""3"")"
"693",99083,"2021091212_1540",42349,2021-09-12 21:30:58,"NYG","DRT",1,"(4, 1)",1,"4","3"
"694",99087,"2021091212_1540",42349,2021-09-12 21:30:58,"NYG","DRT",1,"(4, 1)",1,"2","1"
"695",99311,"2021091212_1593",42349,2021-09-12 21:32:03,"NYG","NT",8,"(2, 1)",1,"3","2"
"696",99662,"2021091212_1877",42349,2021-09-12 21:57:37,"NYG","RE",1,"(2, 1)",1,"3","4"
"697",99707,"2021091212_1877",42349,2021-09-12 21:57:38,"NYG","RE",1,"(2, 1)",1,"4","5"
"698",99743,"2021091212_1901",42349,2021-09-12 21:58:17,"NYG","RE",2,"(1, 1)",1,"4","3"
"699",99795,"2021091212_1901",42349,2021-09-12 21:58:18,"NYG","RE",5,"(1, 1)",1,"3","2"
"700",99892,"2021091212_1944",46135,2021-09-12 21:59:49,"NYG","ROLB",1,"(2, 1)",1,"1","2"
"701",100259,"2021091212_2151",42349,2021-09-12 22:08:19,"NYG","NT",8,"(3, 1)",1,"2","3"
"702",100495,"2021091212_2304",37075,2021-09-12 22:17:47,"DEN","LOLB",13,"(2, 3)",1,"2","1"
"703",100703,"2021091212_2371",37075,2021-09-12 22:19:52,"DEN","LOLB",14,"(1, 1)",1,"2","3"
"704",100922,"2021091212_2474",37075,2021-09-12 22:22:06,"DEN","LOLB",5,"(3, 1)",1,"2","3"
"705",101107,"2021091212_2554",40031,2021-09-12 22:26:53,"NYG","ROLB",1,"(2, 1)",1,"1","2"
"706",101711,"2021091212_2905",37075,2021-09-12 22:43:15,"DEN","LOLB",13,"(3, 1)",1,"4","3"
"707",102111,"2021091212_3095",37075,2021-09-12 22:48:52,"DEN","LOLB",14,"(4, 1)",1,"2","3"
"708",102271,"2021091212_3181",42349,2021-09-12 22:54:17,"NYG","RE",1,"(4, 1)",1,"1","2"
"709",102739,"2021091212_3388",40347,2021-09-12 23:02:10,"DEN","NT",4,"(2, 1)",1,"2","3"
"710",102839,"2021091212_3410",37075,2021-09-12 23:02:51,"DEN","LOLB",14,"(4, 1)",1,"2","3"
"711",102863,"2021091212_3410",37075,2021-09-12 23:02:51,"DEN","LOLB",1,"(4, 1)",1,"2","1"
"712",102879,"2021091212_3410",37075,2021-09-12 23:02:52,"DEN","LOLB",8,"(3, 1)",1,"3","4"
"713",103039,"2021091212_3601",41449,2021-09-12 23:15:07,"DEN","DLT",14,"(3, 1)",1,"2","1"
"714",103059,"2021091212_3601",41449,2021-09-12 23:15:07,"DEN","DLT",14,"(4, 1)",1,"4","3"
"715",103777,"2021091213_265",37087,2021-09-13 00:31:38,"CHI","ROLB",1,"(5, 1)",1,"5","6"
"716",103831,"2021091213_265",37087,2021-09-13 00:31:39,"CHI","ROLB",1,"(6, 1)",1,"6","5"
"717",103837,"2021091213_265",37087,2021-09-13 00:31:39,"CHI","ROLB",1,"(6, 1)",2,"c(""4"", ""1"")","c(""2"", ""3"")"
"718",103885,"2021091213_265",37087,2021-09-13 00:31:37,"CHI","ROLB",1,"(6, 1)",2,"c(""3"", ""2"")","c(""1"", ""4"")"
"719",104035,"2021091213_377",41239,2021-09-13 00:38:09,"LA","RE",1,"(1, 1)",1,"1","2"
"720",104514,"2021091213_492",41239,2021-09-13 00:41:14,"LA","LE",14,"(5, 1)",1,"4","5"
"721",104634,"2021091213_514",37087,2021-09-13 00:44:16,"CHI","REO",1,"(4, 1)",2,"c(""4"", ""2"")","c(""1"", ""5"")"
"722",104679,"2021091213_538",38619,2021-09-13 00:44:39,"CHI","DLT",9,"(3, 1)",1,"3","2"
"723",104903,"2021091213_607",37087,2021-09-13 00:46:44,"CHI","REO",2,"(3, 1)",1,"4","3"
"724",104919,"2021091213_607",37087,2021-09-13 00:46:44,"CHI","REO",6,"(2, 1)",1,"3","2"
"725",105143,"2021091213_775",41239,2021-09-13 00:54:20,"LA","RE",7,"(3, 1)",1,"2","3"
"726",105263,"2021091213_804",41239,2021-09-13 00:55:06,"LA","RE",3,"(1, 1)",1,"2","1"
"727",105467,"2021091213_991",38619,2021-09-13 01:03:26,"CHI","LE",10,"(2, 1)",1,"2","3"
"728",105731,"2021091213_1141",41239,2021-09-13 01:10:37,"LA","RE",1,"(3, 1)",1,"2","1"
"729",105751,"2021091213_1141",41239,2021-09-13 01:10:37,"LA","RE",1,"(4, 1)",1,"4","3"
"730",105853,"2021091213_1265",41239,2021-09-13 01:14:07,"LA","LE",9,"(3, 1)",1,"3","2"
"731",105993,"2021091213_1330",37087,2021-09-13 01:18:30,"CHI","ROLB",1,"(1, 1)",1,"4","3"
"732",106242,"2021091213_1492",41239,2021-09-13 01:25:53,"LA","DRT",12,"(3, 1)",1,"2","1"
"733",106539,"2021091213_1794",37087,2021-09-13 01:53:29,"CHI","ROLB",2,"(1, 1)",1,"4","3"
"734",106627,"2021091213_1818",38619,2021-09-13 01:53:58,"CHI","NT",12,"(3, 1)",1,"2","3"
"735",106799,"2021091213_1943",41239,2021-09-13 02:00:23,"LA","LE",14,"(1, 1)",1,"1","2"
"736",106823,"2021091213_1943",41239,2021-09-13 02:00:24,"LA","LE",13,"(1, 1)",1,"2","3"
"737",106839,"2021091213_1943",41239,2021-09-13 02:00:24,"LA","LE",12,"(2, 1)",1,"2","1"
"738",107308,"2021091213_2111",41239,2021-09-13 02:07:47,"LA","RE",1,"(5, 1)",1,"4","5"
"739",107391,"2021091213_2243",41239,2021-09-13 02:14:12,"LA","LE",14,"(1, 1)",1,"1","2"
"740",107411,"2021091213_2243",41239,2021-09-13 02:14:12,"LA","LE",14,"(1, 1)",1,"3","4"
"741",107511,"2021091213_2341",37087,2021-09-13 02:19:54,"CHI","ROLB",1,"(1, 1)",1,"3","4"
"742",107555,"2021091213_2363",38619,2021-09-13 02:20:36,"CHI","LE",10,"(2, 1)",1,"2","3"
"743",107923,"2021091213_2469",38619,2021-09-13 02:22:51,"CHI","LE",12,"(5, 1)",1,"2","3"
"744",108359,"2021091213_2757",41239,2021-09-13 02:35:42,"LA","LE",8,"(3, 1)",1,"3","4"
"745",108763,"2021091213_2881",41239,2021-09-13 02:39:09,"LA","REO",2,"(2, 1)",1,"3","4"
"746",108867,"2021091213_2905",41239,2021-09-13 02:39:56,"LA","LE",1,"(4, 1)",1,"1","2"
"747",108910,"2021091213_3054",38619,2021-09-13 02:46:49,"CHI","LE",11,"(2, 1)",1,"2","1"
"748",109060,"2021091213_3154",37087,2021-09-13 02:49:54,"CHI","REO",2,"(4, 1)",1,"4","5"
"749",109070,"2021091213_3154",37087,2021-09-13 02:49:54,"CHI","REO",3,"(4, 1)",1,"2","1"
"750",109339,"2021091213_3351",41239,2021-09-13 03:00:27,"LA","RE",4,"(3, 1)",1,"2","3"
"751",109547,"2021091213_3399",41239,2021-09-13 03:01:05,"LA","RE",1,"(1, 1)",1,"1","2"
"752",109643,"2021091213_3421",41239,2021-09-13 03:01:49,"LA","REO",7,"(2, 1)",1,"3","4"
"753",109827,"2021091213_3494",41239,2021-09-13 03:03:57,"LA","REO",6,"(3, 1)",1,"3","2"
"754",109915,"2021091300_55",33131,2021-09-14 00:16:25,"BAL","LE",14,"(5, 1)",1,"5","4"
"755",109969,"2021091300_55",33131,2021-09-14 00:16:26,"BAL","LE",14,"(6, 1)",1,"5","6"
"756",110247,"2021091300_169",33131,2021-09-14 00:20:08,"BAL","NT",8,"(2, 1)",1,"3","2"
"757",110351,"2021091300_228",37240,2021-09-14 00:24:03,"BAL","ROLB",1,"(2, 1)",1,"1","2"
"758",110447,"2021091300_250",37240,2021-09-14 00:24:50,"BAL","ROLB",3,"(2, 1)",1,"1","2"
"759",110554,"2021091300_356",39997,2021-09-14 00:30:01,"LV","NRT",11,"(2, 1)",1,"3","2"
"760",110738,"2021091300_407",39997,2021-09-14 00:31:32,"LV","DLT",12,"(2, 1)",1,"3","4"
"761",110746,"2021091300_407",39997,2021-09-14 00:31:32,"LV","DLT",12,"(1, 1)",1,"2","1"
"762",110830,"2021091300_428",42535,2021-09-14 00:32:18,"LV","DRT",4,"(4, 1)",1,"3","4"
"763",111072,"2021091300_562",33131,2021-09-14 00:38:54,"BAL","DLT",9,"(2, 2)",1,"2","3"
"764",111107,"2021091300_562",33131,2021-09-14 00:38:54,"BAL","DLT",8,"(1, 2)",1,"1","2"
"765",111112,"2021091300_562",33131,2021-09-14 00:38:54,"BAL","DLT",8,"(1, 1)",1,"3","4"
"766",111342,"2021091300_612",33131,2021-09-14 00:40:29,"BAL","NT",13,"(3, 1)",1,"2","3"
"767",111798,"2021091300_902",33131,2021-09-14 00:54:51,"BAL","LE",12,"(4, 1)",1,"1","2"
"768",111834,"2021091300_902",33131,2021-09-14 00:54:51,"BAL","LE",10,"(4, 1)",1,"2","3"
"769",111852,"2021091300_902",33131,2021-09-14 00:54:52,"BAL","LE",10,"(3, 1)",1,"3","4"
"770",112130,"2021091300_1122",33131,2021-09-14 01:03:59,"BAL","NT",10,"(2, 1)",1,"4","3"
"771",112230,"2021091300_1174",35442,2021-09-14 01:07:43,"LV","DRT",2,"(1, 1)",1,"2","1"
"772",112334,"2021091300_1226",39997,2021-09-14 01:09:07,"LV","DRT",3,"(1, 1)",1,"2","1"
"773",112350,"2021091300_1226",39997,2021-09-14 01:09:07,"LV","DRT",2,"(1, 1)",1,"3","4"
"774",113187,"2021091300_1553",33131,2021-09-14 01:22:12,"BAL","DLT",11,"(4, 1)",1,"4","3"
"775",113243,"2021091300_1553",33131,2021-09-14 01:22:12,"BAL","DLT",9,"(5, 1)",1,"5","4"
"776",113630,"2021091300_1875",33131,2021-09-14 01:39:36,"BAL","NLT",11,"(2, 1)",1,"3","4"
"777",113744,"2021091300_1899",33131,2021-09-14 01:40:00,"BAL","NLT",14,"(1, 1)",1,"4","5"
"778",113814,"2021091300_1921",33131,2021-09-14 01:40:41,"BAL","NLT",10,"(2, 1)",1,"2","3"
"779",113829,"2021091300_1921",33131,2021-09-14 01:40:42,"BAL","NLT",10,"(2, 1)",1,"3","4"
"780",113844,"2021091300_1921",33131,2021-09-14 01:40:42,"BAL","NLT",10,"(3, 1)",2,"c(""3"", ""4"")","c(""2"", ""5"")"
"781",113934,"2021091300_1943",33131,2021-09-14 01:41:28,"BAL","NLT",8,"(2, 1)",1,"3","2"
"782",114045,"2021091300_1984",37145,2021-09-14 01:42:27,"BAL","LEO",14,"(1, 1)",1,"5","4"
"783",114055,"2021091300_1984",37145,2021-09-14 01:42:27,"BAL","LEO",14,"(1, 1)",1,"4","3"
"784",114060,"2021091300_1984",37145,2021-09-14 01:42:27,"BAL","LEO",13,"(1, 1)",1,"3","2"
"785",114065,"2021091300_1984",37145,2021-09-14 01:42:27,"BAL","LEO",13,"(1, 1)",1,"3","4"
"786",114075,"2021091300_1984",37145,2021-09-14 01:42:27,"BAL","LEO",13,"(1, 1)",1,"4","5"
"787",114638,"2021091300_2278",42535,2021-09-14 02:04:52,"LV","RE",5,"(4, 1)",1,"3","4"
"788",114762,"2021091300_2373",33131,2021-09-14 02:09:26,"BAL","NLT",9,"(4, 1)",1,"2","1"
"789",114804,"2021091300_2373",33131,2021-09-14 02:09:27,"BAL","NLT",10,"(5, 1)",1,"5","4"
"790",114822,"2021091300_2373",33131,2021-09-14 02:09:27,"BAL","NLT",10,"(5, 1)",1,"4","3"
"791",114852,"2021091300_2373",33131,2021-09-14 02:09:27,"BAL","NLT",10,"(4, 1)",2,"c(""4"", ""3"")","c(""5"", ""2"")"
"792",114876,"2021091300_2373",33131,2021-09-14 02:09:28,"BAL","NLT",1,"(4, 1)",1,"2","1"
"793",115058,"2021091300_2526",39997,2021-09-14 02:15:40,"LV","DRT",2,"(4, 1)",1,"3","4"
"794",115066,"2021091300_2526",39997,2021-09-14 02:15:40,"LV","DRT",3,"(4, 1)",1,"2","1"
"795",116006,"2021091300_2951",39997,2021-09-14 02:34:02,"LV","NRT",5,"(3, 1)",1,"1","2"
"796",116210,"2021091300_3035",42535,2021-09-14 02:36:29,"LV","DRT",10,"(2, 3)",1,"4","3"
"797",116390,"2021091300_3143",33131,2021-09-14 02:42:32,"BAL","LE",12,"(3, 2)",1,"3","2"
"798",116638,"2021091300_3211",39997,2021-09-14 02:44:40,"LV","DRT",4,"(2, 1)",1,"4","3"
"799",116746,"2021091300_3256",39997,2021-09-14 02:46:02,"LV","DRT",5,"(1, 1)",1,"2","1"
"800",116842,"2021091300_3312",33131,2021-09-14 02:47:49,"BAL","REO",2,"(3, 1)",1,"3","4"
"801",117168,"2021091300_3619",33131,2021-09-14 03:06:40,"BAL","DLT",12,"(4, 2)",1,"4","3"
"802",117203,"2021091300_3619",33131,2021-09-14 03:06:41,"BAL","DLT",8,"(4, 1)",1,"3","2"
"803",117378,"2021091300_3688",33131,2021-09-14 03:08:31,"BAL","RE",1,"(5, 1)",1,"2","3"
"804",117462,"2021091300_3688",33131,2021-09-14 03:08:33,"BAL","RE",1,"(6, 1)",1,"5","6"
"805",117608,"2021091300_3712",33131,2021-09-14 03:09:17,"BAL","DRT",3,"(4, 1)",1,"1","2"
"806",117784,"2021091300_3756",33131,2021-09-14 03:10:42,"BAL","NLT",6,"(5, 1)",1,"1","2"
"807",117926,"2021091300_3812",33131,2021-09-14 03:12:16,"BAL","DLT",8,"(3, 1)",1,"3","2"
"808",118118,"2021091300_3914",39997,2021-09-14 03:16:22,"LV","DLT",12,"(4, 1)",1,"3","4"
"809",118214,"2021091300_3980",39997,2021-09-14 03:20:28,"LV","DLT",10,"(4, 1)",1,"3","4"
"810",118538,"2021091300_4347",37145,2021-09-14 03:35:41,"BAL","ROLB",3,"(1, 1)",1,"2","3"
"811",118624,"2021091300_4392",40042,2021-09-14 03:36:56,"BAL","NRT",2,"(1, 1)",1,"3","4"
"812",118870,"2021091300_4476",33131,2021-09-14 03:40:04,"BAL","NLT",14,"(5, 1)",1,"2","1"
"813",118880,"2021091300_4476",33131,2021-09-14 03:40:04,"BAL","NLT",14,"(5, 1)",1,"3","2"
"814",118918,"2021091300_4586",33131,2021-09-14 03:45:32,"BAL","DRT",5,"(3, 2)",1,"5","4"
"815",118988,"2021091300_4586",33131,2021-09-14 03:45:33,"BAL","DRT",5,"(3, 1)",1,"6","5"
"816",119016,"2021091300_4586",33131,2021-09-14 03:45:34,"BAL","DRT",4,"(4, 1)",1,"4","3"
"817",119023,"2021091300_4586",33131,2021-09-14 03:45:34,"BAL","DRT",4,"(4, 1)",1,"2","1"
"818",119030,"2021091300_4586",33131,2021-09-14 03:45:34,"BAL","DRT",4,"(4, 1)",2,"c(""6"", ""3"")","c(""7"", ""2"")"
"819",119037,"2021091300_4586",33131,2021-09-14 03:45:34,"BAL","DRT",4,"(3, 1)",2,"c(""4"", ""2"")","c(""3"", ""1"")"
"820",119106,"2021091300_4608",33131,2021-09-14 03:46:17,"BAL","DRT",7,"(2, 1)",1,"4","3"
"821",119452,"2021091300_4765",42535,2021-09-14 03:51:29,"LV","NT",8,"(3, 1)",1,"2","1"
"822",119552,"2021091300_4765",42535,2021-09-14 03:51:31,"LV","NT",9,"(3, 1)",1,"4","5"
"823",119652,"2021091300_4845",33131,2021-09-14 03:54:19,"BAL","DRT",5,"(3, 1)",1,"5","4"
"824",119676,"2021091300_4845",33131,2021-09-14 03:54:20,"BAL","DRT",5,"(2, 1)",1,"2","3"
"825",119694,"2021091300_4845",33131,2021-09-14 03:54:20,"BAL","DRT",6,"(3, 1)",1,"3","2"
